Area,Perimeter,MajorAxisLength,MinorAxisLength,AspectRation,Eccentricity,ConvexArea,EquivDiameter,Extent,Solidity,roundness,Compactness,ShapeFactor1,ShapeFactor2,ShapeFactor4,Class
61464,948.743,361.5067374,217.5064023,1.662051018,0.798747599,62161,279.7470203,0.789518304,0.988787182,0.858091332,0.773836256,0.005881601,0.001300983,0.598822552,0.995273632,CALI
56546,951.015,315.4936373,229.1241617,1.376954901,0.687441033,57830,268.3218278,0.768225416,0.977796991,0.785664299,0.850482533,0.005579416,0.001800653,0.723320539,0.995979761,BARBUNYA
187777,1674.447,638.4466932,376.9398753,1.69376268,0.807109712,190000,488.9632931,0.821206158,0.9883,0.841607213,0.765863929,0.003400026,0.000721553,0.586547558,0.993472364,BOMBAY
36143,736.997,299.8903167,154.194303,1.944885841,0.857688897,36592,214.5196888,0.761980056,0.987729558,0.83618548,0.715327161,0.008297328,0.001340099,0.511692947,0.995184367,HOROZ
62934,992.28,368.3417168,218.1674481,1.688344068,0.805720208,64268,283.0725305,0.678892353,0.979243169,0.803205593,0.768505216,0.005852825,0.00125931,0.590600266,0.997136456,BARBUNYA
24873,579.111,205.7128093,154.3199847,1.333027668,0.661242774,25155,177.9586671,0.771686523,0.988789505,0.931996766,0.865083063,0.008270527,0.002857223,0.748368705,0.99759619,DERMASON
54677,911.022,308.8539034,226.3985709,1.364204298,0.680198424,55858,263.8501821,0.753012629,0.978857102,0.827859835,0.854287996,0.005648699,0.001855861,0.729807979,0.995607182,BARBUNYA
24934,589.119,216.8434003,147.5652569,1.469474623,0.732733849,25262,178.1767516,0.721240346,0.987016072,0.902808751,0.821683996,0.008696695,0.002445419,0.675164589,0.99213723,DERMASON
48439,810.37,297.981992,207.3178381,1.4373196,0.718294206,48883,248.343412,0.79979856,0.990917088,0.926911612,0.833417518,0.006151696,0.001830733,0.694584759,0.998340287,BARBUNYA
39496,790.356,274.5507126,183.8462883,1.493370985,0.742698496,40281,224.2495687,0.727165608,0.980511904,0.794543116,0.816787422,0.006951355,0.00190847,0.667141692,0.996290046,SIRA
24310,573.919,211.3574092,146.6762133,1.44097945,0.720001581,24576,175.9330933,0.736555067,0.989176432,0.927456646,0.832396148,0.008694258,0.002574735,0.692883348,0.998430665,DERMASON
168736,1555.86,577.480835,372.935021,1.548475746,0.7635097,169852,463.5098142,0.746916914,0.993429574,0.875944485,0.802641033,0.003422393,0.000876183,0.644232628,0.9975786,BOMBAY
33447,664.412,226.1186154,188.7406408,1.198038824,0.550708725,33791,206.3638608,0.770224525,0.989819774,0.952120901,0.912635435,0.006760505,0.002892999,0.832903437,0.997850654,SEKER
63745,944.139,356.6672994,228.0424993,1.564038723,0.768898917,64278,284.8906014,0.788562168,0.991707894,0.898636624,0.798757278,0.00559522,0.001404935,0.63801319,0.997877335,CALI
33736,655.729,221.390268,194.1359516,1.140387786,0.480682529,33988,207.2534904,0.786863834,0.992585618,0.985949497,0.936145442,0.006562434,0.003108981,0.876368289,0.999399693,SEKER
47542,876.316,338.4535058,186.8224659,1.811631723,0.833851678,50332,246.0332385,0.706335057,0.944568068,0.777975337,0.726933639,0.007119042,0.001226254,0.528432515,0.957325108,HOROZ
25145,599.041,221.5129007,144.9409599,1.528297459,0.75621529,25561,178.9290596,0.759208937,0.983725206,0.88053862,0.807759092,0.008809421,0.00231342,0.652474751,0.997175504,DERMASON
34750,675.599,223.1988366,198.5282098,1.124267613,0.456997571,35091,210.3451311,0.805069039,0.990282409,0.956724018,0.942411414,0.006422988,0.003125209,0.888139273,0.99850622,SEKER
35565,682.802,227.2957017,199.3839165,1.139990154,0.48012413,35922,212.7974727,0.801428668,0.990061801,0.958612545,0.93621424,0.006390994,0.00302865,0.876497104,0.999198069,SEKER
33631,669.076,224.8894003,190.753366,1.178953771,0.52966059,34009,206.9307109,0.762884493,0.988885295,0.94405814,0.92014435,0.006686967,0.002956874,0.846665624,0.998179631,SEKER
186618,1640.612,609.8680528,391.8326654,1.556450257,0.766296076,188480,487.4519642,0.802865256,0.990120968,0.871267726,0.799274469,0.003268002,0.000822708,0.638839677,0.99432218,BOMBAY
34676,668.424,226.4475067,195.193788,1.160116359,0.506938033,34982,210.1210471,0.777907394,0.991252644,0.975292284,0.927901791,0.006530381,0.002986251,0.861001735,0.998862198,SEKER
34459,698.401,254.0993138,173.0599093,1.468273702,0.732216518,35078,209.4625539,0.752544224,0.982353612,0.887774832,0.82433341,0.007373961,0.002100353,0.679525571,0.997729526,SIRA
38998,747.763,281.3657909,177.618235,1.584104193,0.775561834,39652,222.8313168,0.768009768,0.983506507,0.876444167,0.791963075,0.007214877,0.001750767,0.627205511,0.993558881,SIRA
35506,713.086,262.1062149,173.2478277,1.512897555,0.750400622,35941,212.620891,0.760918949,0.987896831,0.877460939,0.811201257,0.007382026,0.001971831,0.658047479,0.995558422,SIRA
39891,742.199,278.3161569,182.9145475,1.521563816,0.753700038,40309,225.3681403,0.794135213,0.989630107,0.910005585,0.809755865,0.006976916,0.001850375,0.65570456,0.997696333,SIRA
33333,679.262,220.5312914,192.7167056,1.144328878,0.486151306,33834,206.0118777,0.772240756,0.98519241,0.907840655,0.934161662,0.006616005,0.003107876,0.87265801,0.998607762,SEKER
166862,1545.005,580.3276343,368.7448381,1.573791886,0.772176558,168545,460.928733,0.837849916,0.990014536,0.87843075,0.794256047,0.00347789,0.000853764,0.630842669,0.992815074,BOMBAY
62005,960.799,350.4905657,226.1835632,1.549584597,0.763900332,62953,280.9754757,0.798714431,0.984941147,0.844056446,0.801663449,0.005652618,0.001440117,0.642664286,0.995862678,BARBUNYA
33954,716.75,277.3684803,156.3563259,1.773951126,0.825970469,34420,207.9220419,0.799481987,0.98646136,0.830549278,0.7496239,0.008168949,0.001591181,0.561935991,0.996846984,HOROZ
37789,766.378,313.5680678,154.3409867,2.031657789,0.870477123,38251,219.3500608,0.780587057,0.987921884,0.808517092,0.699529331,0.008297866,0.00122566,0.489341285,0.994174034,HOROZ
43029,812.609,323.9667455,170.3234323,1.902067972,0.850643111,43500,234.0645731,0.740500447,0.989172414,0.818856614,0.722495677,0.007529033,0.001265494,0.522000003,0.992879487,HOROZ
41237,799.829,325.4126485,162.9457238,1.997061604,0.865600242,41914,229.138777,0.637554113,0.983847879,0.810032854,0.704148342,0.007891278,0.001196696,0.495824888,0.990192846,HOROZ
28395,610.291,208.1781167,173.888747,1.197191424,0.549812187,28715,190.1410973,0.763922518,0.988855999,0.958027126,0.913357755,0.007331506,0.003147289,0.834222388,0.998723889,SEKER
62215,998.572,354.267075,224.370612,1.578937062,0.773875735,63401,281.4508808,0.765139217,0.98129367,0.784054408,0.794459606,0.005694239,0.001399274,0.631166065,0.996571493,BARBUNYA
44799,1005.548,362.4496441,157.9861583,2.294186072,0.900002644,46552,238.8301873,0.652523487,0.962343186,0.556765826,0.65893343,0.008090574,0.000940861,0.434193266,0.996120143,HOROZ
35608,689.304,240.389455,188.8797386,1.272711709,0.61857737,35997,212.9260757,0.784144462,0.989193544,0.941750475,0.885754642,0.006750996,0.002563311,0.784561286,0.998520336,SEKER
50167,873.825,309.8928256,206.7723679,1.498714885,0.744844297,50937,252.7342641,0.794598875,0.984883287,0.82561783,0.815553776,0.006177225,0.001685713,0.665127961,0.996837177,BARBUNYA
63640,977.03,380.1375465,214.574044,1.771591472,0.825457536,64680,284.6558705,0.756970216,0.983920841,0.837768905,0.748823349,0.005973249,0.001158532,0.560736407,0.993395837,CALI
24211,574.946,218.0467134,141.63518,1.539495438,0.76030737,24500,175.5744931,0.730853986,0.988204082,0.920382766,0.80521504,0.009006101,0.002335415,0.648371261,0.998164598,DERMASON
187761,1664.833,615.0686123,393.7663939,1.56201398,0.768208999,192202,488.942461,0.816710816,0.976894101,0.851282885,0.794939705,0.003275806,0.000806928,0.631929134,0.987082142,BOMBAY
39728,760.568,282.0889342,179.8807136,1.568199995,0.77030654,40293,224.9072267,0.695944644,0.985977713,0.863039093,0.797291916,0.007100507,0.001769859,0.635674399,0.996864589,SIRA
24056,568.914,200.9852743,152.6078737,1.317004618,0.650742163,24406,175.0115724,0.779874214,0.985659264,0.933985291,0.870768135,0.008354892,0.002962993,0.758237144,0.998601821,DERMASON
54113,872.821,327.6299219,210.7828409,1.554348165,0.765566725,54651,262.485831,0.717755199,0.990155715,0.892608673,0.801165625,0.006054551,0.001538689,0.641866358,0.997683796,BARBUNYA
21961,551.696,204.7763134,136.7099579,1.49788879,0.744514487,22267,167.2172648,0.780419332,0.986257691,0.906697265,0.816584995,0.009324544,0.002557484,0.666811053,0.998808802,DERMASON
63966,995.08,376.335588,218.1566158,1.72507071,0.814839676,65115,285.3840232,0.793229167,0.982354296,0.811788814,0.758323242,0.005883369,0.001200116,0.57505414,0.992009053,BARBUNYA
31158,642.626,216.4848362,183.6443122,1.178826797,0.529514251,31492,199.1773023,0.798759229,0.989394132,0.948119004,0.92005198,0.00694797,0.003071052,0.846495646,0.997871751,SEKER
34865,680,224.8250921,197.677632,1.137331977,0.476359223,35256,210.6928967,0.793179543,0.988909689,0.947505431,0.937141378,0.006448447,0.003068,0.878233963,0.99884357,SEKER
25576,596.602,225.7376431,144.7314481,1.559700025,0.767416478,25970,180.4560185,0.783722498,0.984828648,0.902969492,0.799405965,0.008826151,0.002223416,0.639049897,0.99672614,DERMASON
60294,973.818,348.1459097,221.5746204,1.571235501,0.771324702,61644,277.0716606,0.751083761,0.978100058,0.798966123,0.795849249,0.005774139,0.001428862,0.633376027,0.995182898,BARBUNYA
42710,816.687,335.8384996,163.6708304,2.051914191,0.873206825,43315,233.1953279,0.806229353,0.986032552,0.804689159,0.694367466,0.007863229,0.001127556,0.482146178,0.989322584,HOROZ
34222,671.994,223.2982638,195.2383681,1.143721216,0.485315785,34576,208.7409967,0.7843326,0.989761684,0.95232341,0.93480797,0.006524992,0.003073614,0.873865941,0.999459017,SEKER
38253,754.503,292.3137852,167.5594087,1.744538176,0.819403182,38857,220.6926195,0.808560558,0.984455825,0.844410107,0.75498533,0.007641591,0.001531502,0.570002848,0.994391729,HOROZ
56270,920.481,374.09942,194.0923458,1.927430052,0.854880123,57445,267.6661898,0.766621253,0.979545652,0.834559148,0.7154948,0.006648293,0.001074771,0.511932809,0.986714681,CALI
165397,1538.645,571.3442984,370.2837764,1.542990363,0.761561892,166731,458.9008618,0.803990861,0.991999088,0.877931501,0.803194962,0.003454381,0.000886817,0.645122146,0.995417255,BOMBAY
52596,887.942,312.6866807,214.5149593,1.457645106,0.727565667,53574,258.7804225,0.752920293,0.981744876,0.838288258,0.82760296,0.005945066,0.001720381,0.68492666,0.998379994,BARBUNYA
179387,1617.553,621.6396129,370.241889,1.679009403,0.80328912,181149,477.9148692,0.822261337,0.990273201,0.861556557,0.768797321,0.003465355,0.000746749,0.591049321,0.992377368,BOMBAY
25846,597.185,211.2826191,156.3686136,1.351183043,0.672505442,26176,181.4060343,0.712953768,0.987393032,0.910721151,0.858594214,0.008174674,0.002740325,0.737184024,0.996070553,DERMASON
149264,1501.818,581.2359196,329.4838723,1.764080031,0.823808839,151608,435.9458996,0.807705628,0.984539074,0.831630348,0.75003262,0.003894013,0.000760147,0.562548931,0.992381336,BOMBAY
68234,988.005,383.9724637,228.1752131,1.68279656,0.8042812,69335,294.7511274,0.788103488,0.984120574,0.878400168,0.767636107,0.005627289,0.001205315,0.589265193,0.99161344,CALI
36322,719.437,272.0582306,170.8914975,1.591993952,0.778097847,36717,215.0502424,0.771856007,0.98924204,0.8818487,0.790456668,0.007490178,0.001803782,0.624821744,0.994712437,SIRA
153237,1527.853,573.8191367,342.735575,1.674232786,0.802026459,155159,441.7096423,0.662148265,0.987612707,0.824917207,0.769771543,0.003744651,0.000811033,0.592548228,0.992063672,BOMBAY
24173,581.924,221.0724612,139.5007779,1.584739989,0.775767912,24479,175.4366539,0.751087497,0.987499489,0.897031881,0.793570818,0.009145429,0.002237312,0.629754643,0.997997366,DERMASON
64530,1004.942,371.617998,221.6379579,1.676689325,0.802677421,65642,286.6394038,0.697923426,0.983059626,0.802951908,0.771328099,0.005758841,0.001257394,0.594947036,0.997541344,BARBUNYA
39180,732.81,265.8154505,188.2660433,1.411913938,0.705953217,39663,223.350678,0.807768431,0.987822404,0.916835712,0.840247162,0.006784468,0.002086045,0.706015294,0.996832834,SIRA
34879,675.467,223.8000145,198.8687463,1.125365442,0.458682478,35258,210.7351942,0.792362389,0.989250667,0.960650949,0.941622791,0.006416469,0.0031116,0.88665348,0.997809185,SEKER
62353,974.133,336.414515,236.4006216,1.423069503,0.71147998,63337,281.762853,0.767421538,0.984464057,0.825716011,0.837546659,0.005395322,0.001637696,0.701484406,0.998261064,BARBUNYA
63652,956.09,362.3406291,225.2317375,1.608745877,0.783333062,64607,284.6827067,0.783988176,0.98521832,0.875032868,0.785677023,0.005692525,0.001338015,0.617288384,0.993060143,CALI
24388,589.598,229.5043806,135.5364056,1.693304316,0.806992782,24631,176.2151129,0.759277709,0.990134384,0.881605005,0.767807187,0.009410545,0.002017452,0.589527877,0.998250098,DERMASON
35867,709.926,263.9178839,173.2989923,1.522904897,0.754204312,36262,213.6990471,0.788476335,0.989107054,0.89429078,0.809717947,0.007358237,0.001951141,0.655643154,0.998482169,SIRA
39434,728.011,265.9602824,189.8956657,1.400560046,0.700145607,39831,224.0734884,0.723294204,0.990032889,0.934985366,0.842507334,0.006744441,0.002096141,0.709818608,0.994143582,SIRA
148325,1454.931,549.7336941,344.9498497,1.593662657,0.778628353,149846,434.5724974,0.778886952,0.989849579,0.880520408,0.790514575,0.003706278,0.000892806,0.624913293,0.995900979,BOMBAY
30279,634.927,212.5605564,181.5101816,1.171066849,0.52040066,30600,196.3477022,0.775688485,0.989509804,0.943851783,0.923725952,0.007020065,0.003152779,0.853269634,0.999235781,SEKER
24442,583.818,212.6703587,146.8278997,1.448432888,0.723426566,24761,176.4100931,0.759445687,0.987116837,0.901138702,0.829500144,0.008701021,0.002541065,0.688070488,0.996623924,DERMASON
25723,596.77,225.1437187,145.6950274,1.545308188,0.762388068,26015,180.9738678,0.73626814,0.988775706,0.907648128,0.803814865,0.008752623,0.002253939,0.646118337,0.998451956,DERMASON
181822,1603.247,579.5137629,401.9407076,1.441789179,0.720377032,183395,481.1475455,0.766269671,0.991422885,0.888905151,0.830260774,0.003187259,0.000934233,0.689332953,0.993872793,BOMBAY
35128,669.663,228.4024536,195.966868,1.16551566,0.51366751,35376,211.4860722,0.785527404,0.992989597,0.984352571,0.925936078,0.006502006,0.002948161,0.857357621,0.999263734,SEKER
41246,818.326,315.1393044,167.6372112,1.879888731,0.846778042,42065,229.1637804,0.699084746,0.980530132,0.773996509,0.727182479,0.007640482,0.001317875,0.528794357,0.994074553,HOROZ
45720,860.356,342.495294,171.5549295,1.996417678,0.865506792,46478,241.2726922,0.63690186,0.983691209,0.776175093,0.704455496,0.007491148,0.001138,0.496257546,0.990737337,HOROZ
24796,583.933,218.4702547,144.8632265,1.508113963,0.748548659,25139,177.6829979,0.758681884,0.986355861,0.913830088,0.813305217,0.008810706,0.002377961,0.661465376,0.99756517,DERMASON
44375,843.947,350.6837627,161.736346,2.168243387,0.887294733,44978,237.6972966,0.593844095,0.986593446,0.782920893,0.677810956,0.007902733,0.001028943,0.459427693,0.996151056,HOROZ
177893,1612.656,610.8765588,376.4234083,1.622844237,0.787588085,181791,475.9205841,0.717889427,0.978557794,0.859577917,0.779078158,0.003433955,0.000780366,0.606962776,0.985006043,BOMBAY
60515,931.443,346.2961144,223.4780809,1.549575301,0.763897061,61176,277.5789816,0.769607407,0.989195109,0.876516983,0.801565395,0.005722484,0.001457203,0.642507082,0.995613105,CALI
35134,668.885,226.2664317,197.955771,1.143015081,0.484341376,35360,211.5041327,0.797575537,0.993608597,0.986812285,0.934757008,0.006440099,0.003032964,0.873770664,0.998733047,SEKER
162019,1575.185,596.6920015,350.2521852,1.703606792,0.809594246,164165,454.1904862,0.715631625,0.986927786,0.82056441,0.761180785,0.003682852,0.000762632,0.579396188,0.987063281,BOMBAY
171914,1595.676,598.5416463,368.3583724,1.624889486,0.788194304,174673,467.854361,0.815980331,0.984204771,0.848460607,0.781657156,0.003481634,0.00080173,0.610987909,0.99278783,BOMBAY
67922,1003.522,388.2469891,224.6437061,1.728278953,0.815604146,68623,294.0764805,0.676884748,0.989784766,0.847552353,0.757446905,0.005716071,0.00116061,0.573725814,0.99155825,CALI
39120,734.947,278.3169499,179.575513,1.549860252,0.76399728,39542,223.1795936,0.770321361,0.989327803,0.910115828,0.801890053,0.007114441,0.001814596,0.643027656,0.996603006,SIRA
155247,1508.453,569.6478553,350.8270512,1.623728425,0.7878505,157360,444.597143,0.799624002,0.986572191,0.857372431,0.780477165,0.0036693,0.000839854,0.609144605,0.98908541,BOMBAY
34425,680.503,232.6456666,188.5544051,1.233838406,0.585767825,34791,209.3591921,0.758928571,0.989480038,0.934165286,0.899905832,0.006758044,0.00273394,0.809830506,0.99919998,SEKER
43912,844.203,354.3024896,159.6834077,2.218780866,0.892676511,44602,236.4540016,0.704056437,0.984529842,0.774282243,0.667378888,0.008068466,0.000987326,0.445394581,0.988232973,HOROZ
154568,1481.09,526.7970164,375.0376977,1.404650838,0.70225987,156202,443.6238158,0.75938372,0.989539186,0.885455117,0.842115278,0.003408189,0.001057279,0.709158141,0.996119577,BOMBAY
45817,862.123,333.4589204,175.9104731,1.895617211,0.849534747,46654,241.5284998,0.757932175,0.982059416,0.774636667,0.724312606,0.007278061,0.001235662,0.524628752,0.994495292,HOROZ
31748,641.826,219.7765183,184.1151053,1.193690859,0.546072628,32020,201.0542441,0.775589974,0.991505309,0.968482156,0.914812218,0.006922531,0.002990698,0.836881394,0.99897767,SEKER
65458,1015.938,390.7011898,217.2378056,1.79849538,0.831168689,67706,288.6931141,0.74125494,0.966797625,0.796963049,0.738910251,0.005968731,0.001097561,0.545988358,0.98195754,CALI
35223,674.287,231.2689629,194.31596,1.190169675,0.542251338,35537,211.7718501,0.766784222,0.991164139,0.973523935,0.915695074,0.006565851,0.002847569,0.838497468,0.997954259,SEKER
37215,713.286,268.1274258,177.6042502,1.509690367,0.749161414,37638,217.6777656,0.805519481,0.988761358,0.919179833,0.811844462,0.007204821,0.001930609,0.65909143,0.995023983,SIRA
35106,688.658,231.1126201,193.5514908,1.194062723,0.54647266,35503,211.419837,0.787430186,0.988817846,0.930216457,0.914791398,0.00658328,0.002843874,0.836843303,0.999243393,SEKER
64413,998.511,333.03266,247.2226217,1.347096223,0.670026181,65455,286.3794315,0.75831744,0.984080666,0.81185353,0.859913954,0.005170271,0.001743866,0.739452008,0.996113008,BARBUNYA
37084,730.084,271.3184832,175.4277553,1.546610926,0.762850402,37800,217.2943057,0.726368159,0.981058201,0.874280465,0.800882797,0.007316322,0.001856729,0.641413254,0.992016748,SIRA
68033,1005.269,384.9832288,226.3186333,1.70106731,0.808958166,68739,294.3166763,0.66589343,0.989729266,0.845989369,0.764492202,0.005658772,0.001192324,0.584448327,0.994185943,CALI
38749,729.743,268.5252537,184.3366137,1.456711438,0.727150803,39196,222.1187951,0.818871513,0.988595775,0.914387936,0.827180282,0.006929863,0.002001267,0.684227219,0.996721616,SIRA
167563,1560.256,576.8638252,372.7615058,1.5475413,0.7631797,169787,461.8959167,0.819703648,0.986901235,0.864960487,0.800701823,0.003442668,0.000872887,0.64112341,0.992164955,BOMBAY
168405,1546.583,584.3296465,370.0301966,1.579140438,0.773942481,170625,463.0549703,0.756138957,0.986989011,0.884745539,0.792455035,0.003469788,0.000844075,0.627984982,0.991676479,BOMBAY
39419,742.776,274.0830961,184.586766,1.484846948,0.739214478,39978,224.0308675,0.817143449,0.98601731,0.897841636,0.817383015,0.006953071,0.001914515,0.668114994,0.992048509,SIRA
58531,972.953,343.3965287,219.7961494,1.562340968,0.768320642,60295,272.9908127,0.684573099,0.970743843,0.776984017,0.794972546,0.005866917,0.001445434,0.631981349,0.987370352,BARBUNYA
34349,674.863,238.2312433,183.7249369,1.296673425,0.636587835,34645,209.1279635,0.783365262,0.991456199,0.947747671,0.877836008,0.006935609,0.002540493,0.770596056,0.999211428,SEKER
45478,838.042,331.8432701,176.2767668,1.882512801,0.847243394,46206,240.6333061,0.608010909,0.98424447,0.813728734,0.725141438,0.007296787,0.001244521,0.525830105,0.989881905,HOROZ
34729,671.193,228.8102714,193.6576351,1.181519496,0.532598937,35043,210.281564,0.777143752,0.99103958,0.968740162,0.919021523,0.00658845,0.002899117,0.844600559,0.997912027,SEKER
48638,874.041,301.9839706,205.4110154,1.470144968,0.733021909,49596,248.8530188,0.747747748,0.980683926,0.800058902,0.824060358,0.006208807,0.001766136,0.679075473,0.998339389,BARBUNYA
39158,742.484,281.3341448,178.5597857,1.575573938,0.772767383,39590,223.2879623,0.69429078,0.989088154,0.89259853,0.793675302,0.007184589,0.001758544,0.629920485,0.992486299,HOROZ
43900,839.181,347.1792098,162.2413926,2.139892934,0.884091888,44449,236.4216911,0.745103364,0.987648766,0.78336308,0.680978827,0.00790841,0.001049067,0.463732163,0.992337179,HOROZ
39649,791.745,308.2641445,165.5534903,1.862021416,0.843549934,40470,224.683499,0.683674173,0.979713368,0.794824862,0.728866795,0.007774828,0.001353515,0.531246805,0.989192928,HOROZ
33168,680.621,234.315548,180.5827539,1.297552191,0.637220052,33542,205.5013606,0.761240274,0.9888498,0.899742964,0.877028274,0.007064506,0.002578196,0.769178593,0.998049369,SEKER
23687,659.999,217.1394064,139.6625959,1.554742735,0.765703905,24419,173.6641157,0.785039605,0.970023342,0.683334533,0.799781664,0.009167029,0.002313631,0.63965071,0.994492294,DERMASON
66291,975.667,378.6284053,226.0554228,1.674936175,0.802213198,67815,290.5242204,0.774029704,0.977527096,0.87510709,0.767306986,0.005711611,0.001221279,0.588760011,0.98613544,CALI
166208,1531.455,564.8854422,377.1336328,1.497838944,0.744494565,167540,460.0245627,0.758982227,0.99204966,0.890539746,0.814367885,0.003398666,0.000922085,0.663195052,0.993359376,BOMBAY
39489,747.39,281.8853085,178.9609376,1.575121992,0.772617776,39933,224.2296956,0.775510605,0.988881376,0.888364989,0.795464286,0.007138325,0.001763026,0.63276343,0.996679594,SIRA
35300,685.599,238.2169831,188.8076239,1.261691547,0.609759171,35640,212.0031979,0.767224516,0.990460157,0.943722302,0.88995837,0.006748356,0.002611299,0.7920259,0.999292383,SEKER
25021,584.754,217.0879252,147.092512,1.475859799,0.735457243,25339,178.4873291,0.708007923,0.987450176,0.919534704,0.822189115,0.008676229,0.002445669,0.675994941,0.997673758,DERMASON
32885,659.728,227.0674037,184.5596932,1.230319577,0.582547095,33225,204.6227808,0.785669916,0.989766742,0.949462632,0.90115436,0.006904893,0.002808882,0.81207918,0.999116914,SEKER
23553,577.69,216.3088938,138.9570923,1.556659615,0.766368516,23850,173.1722004,0.695106835,0.98754717,0.886883135,0.800578272,0.009183921,0.002327143,0.640925569,0.99770295,DERMASON
25216,587.728,221.2922092,145.4352474,1.521585813,0.753708323,25496,179.1814956,0.814470284,0.989017885,0.917346265,0.809705395,0.008775865,0.002326901,0.655622826,0.997586391,DERMASON
35062,701.948,223.2641008,200.2523714,1.114913642,0.442171641,35579,211.2873042,0.778740227,0.985468956,0.894204122,0.946355923,0.006367694,0.003150504,0.895589533,0.998504989,SEKER
156645,1504.799,569.848846,352.3202346,1.61741731,0.785966072,158624,446.5944564,0.776065793,0.987523956,0.869299467,0.783706872,0.003637836,0.000846521,0.614196461,0.993411987,BOMBAY
36644,712.69,260.2830363,179.7242829,1.448235219,0.723336624,37039,216.0013655,0.810134418,0.989335565,0.90659101,0.829871084,0.007103019,0.002078094,0.688686016,0.997379343,SIRA
25895,592.636,217.8824446,151.4506889,1.438636207,0.718910392,26198,181.5779117,0.724781684,0.988434232,0.926509167,0.833375594,0.008414074,0.002503509,0.69451488,0.999154253,DERMASON
42402,800.745,318.293212,171.8010823,1.852684557,0.841820685,43064,232.3529711,0.703219066,0.984627531,0.831012841,0.729996627,0.007506561,0.001314935,0.532895075,0.987286476,HOROZ
46851,854.53,328.9176038,183.1554803,1.795838176,0.830617735,47631,244.2387068,0.717286464,0.98362411,0.806258119,0.742552858,0.007020503,0.001316611,0.551384747,0.990197779,HOROZ
68670,1050.566,413.9228612,212.2300571,1.950349856,0.858550792,69637,295.6913248,0.710781269,0.986113704,0.781862221,0.714363357,0.00602771,0.000968297,0.510315006,0.995292798,CALI
36675,742.917,285.8908964,166.8819538,1.713132487,0.8119507,37613,216.0927123,0.778827777,0.975061814,0.835024838,0.755857269,0.007795253,0.001569528,0.571320211,0.978747214,SIRA
68256,1015.699,395.5950337,221.897243,1.782784808,0.827869879,69414,294.7986404,0.797569526,0.983317486,0.831420346,0.745203087,0.005795755,0.001102525,0.555327641,0.990029682,CALI
31992,640.338,212.8873637,191.4872537,1.111757361,0.436968432,32258,201.8253689,0.774212284,0.991753984,0.980466376,0.948038274,0.006654394,0.003315826,0.898776569,0.999221466,SEKER
186439,1663.337,627.8109193,382.6947468,1.640500489,0.792732192,188370,487.2181313,0.848622642,0.989748898,0.846810301,0.776058709,0.00336738,0.000753443,0.602267119,0.988019504,BOMBAY
38857,752.396,280.8577702,176.3655002,1.592475681,0.778251204,39375,222.428121,0.697712418,0.986844444,0.862553765,0.791960005,0.007227984,0.001753921,0.627200649,0.998801781,SIRA
24697,584.479,219.7676145,143.3554747,1.533025613,0.757956739,24966,177.3279364,0.717769123,0.989225346,0.908481823,0.806888389,0.008898555,0.002326768,0.651068872,0.998105257,DERMASON
59618,927.753,340.2482659,224.5974328,1.514925,0.751178891,60538,275.5140562,0.780595745,0.984802934,0.870407315,0.809744189,0.00570714,0.001513525,0.655685652,0.993314587,CALI
33809,669.341,230.2474971,187.1642998,1.230189184,0.582426873,34143,207.4776031,0.784067718,0.990217614,0.948303455,0.901106877,0.006810243,0.002769795,0.811993604,0.998905748,SEKER
35555,697.407,238.2386137,190.2546224,1.252209332,0.601877373,36021,212.7675539,0.756087188,0.987063102,0.918624328,0.89308593,0.006700566,0.002629446,0.797602479,0.998765267,SEKER
25860,585.72,213.9460065,154.1022302,1.388338158,0.693677617,26144,181.4551587,0.792085273,0.989137087,0.947236179,0.848135292,0.008273241,0.002640681,0.719333474,0.99867811,DERMASON
36144,730.977,271.9255104,169.5989374,1.603344422,0.781666753,36732,214.5226564,0.689797321,0.983992159,0.850038611,0.788902285,0.007523393,0.001797572,0.622366815,0.997868361,SIRA
24331,580.643,212.9238094,145.643678,1.461950235,0.729465307,24677,176.0090661,0.724136905,0.985978847,0.90688336,0.826629331,0.008751133,0.002520503,0.683316051,0.998974062,DERMASON
34291,671.507,230.658067,189.6239312,1.216397453,0.569343533,34619,208.9513274,0.78204251,0.990525434,0.955628131,0.905892129,0.00672649,0.002794308,0.820640549,0.998225074,SEKER
35532,676.181,231.1069967,195.8801972,1.179838493,0.530677806,35820,212.6987247,0.791640674,0.991959799,0.976570477,0.920347405,0.006504193,0.002878594,0.847039346,0.999369626,SEKER
50035,846.474,279.4366973,228.683881,1.221934384,0.574685217,50802,252.4015464,0.806391826,0.984902169,0.877518987,0.903251251,0.005584825,0.002293103,0.815862822,0.996930835,BARBUNYA
39789,746.535,274.5095337,185.3600269,1.480953247,0.737597392,40254,225.0798264,0.732398255,0.988448353,0.897165451,0.81993446,0.006899131,0.001923494,0.672292519,0.99563379,SIRA
179166,1593.298,584.1270946,392.7594104,1.487238954,0.74019987,181118,477.6203893,0.765614317,0.989222496,0.886893435,0.817665186,0.003260256,0.000898946,0.668576356,0.9943328,BOMBAY
26160,593.629,217.3275156,153.5819723,1.415058762,0.707528877,26449,182.5046479,0.725860155,0.989073311,0.932861964,0.839767792,0.008307627,0.002548553,0.705209944,0.997913511,DERMASON
24723,592.848,218.6189668,144.2485864,1.515570947,0.751426024,25152,177.4212537,0.737647691,0.982943702,0.883943109,0.811554717,0.008842736,0.002366125,0.658621059,0.998186942,DERMASON
60353,950.902,344.2840281,224.5974163,1.532893983,0.75790853,61174,277.2071901,0.78564176,0.986579266,0.838759023,0.805170056,0.005704506,0.001478932,0.648298819,0.993773359,BARBUNYA
55796,900.322,330.2017687,215.5174973,1.532134388,0.757630026,56573,266.5364396,0.770131125,0.986265533,0.865002185,0.807192647,0.005918019,0.001549762,0.651559969,0.998277434,BARBUNYA
47338,842.469,340.3162877,178.3323162,1.908326516,0.851706365,47798,245.5048137,0.700276631,0.990376166,0.838131013,0.721401892,0.007189072,0.001201052,0.520420689,0.993132601,HOROZ
37380,712.641,262.2792261,182.202474,1.439493221,0.719310292,37823,218.1597905,0.806281141,0.98828755,0.924927201,0.831784483,0.007016566,0.002071799,0.691865426,0.99593559,SIRA
38509,733.994,272.1738968,180.7717392,1.505621941,0.74757504,38979,221.4298571,0.763295078,0.987942225,0.898229027,0.813560226,0.0070678,0.001909954,0.661880242,0.996541415,SIRA
171308,1592.272,603.421354,363.3694615,1.660627592,0.798358861,173826,467.0290354,0.786621177,0.98551425,0.849088566,0.773968359,0.003522435,0.000779679,0.599027021,0.9947608,BOMBAY
39900,756.421,292.0864695,175.1400879,1.667730518,0.800286914,40361,225.3935621,0.663010967,0.988578083,0.876305636,0.771667248,0.007320463,0.001601174,0.595470341,0.993084061,SIRA
55660,936.905,325.913361,217.9664207,1.495245736,0.743454614,56773,266.2114067,0.705449937,0.980395611,0.796823168,0.816816487,0.005855432,0.001607817,0.667189174,0.997611767,BARBUNYA
57862,951.333,372.4370305,201.9925213,1.84381594,0.840150402,59220,271.4262083,0.72654445,0.977068558,0.803411754,0.72878416,0.006436643,0.001120043,0.531126351,0.979299233,CALI
25340,588.451,213.2593484,151.9092117,1.403860543,0.701853353,25607,179.6215189,0.714608009,0.989573164,0.919593439,0.842267972,0.008415917,0.002612657,0.709415337,0.995920201,DERMASON
35031,675.649,232.0680178,192.5367815,1.205317841,0.558273939,35369,211.1938789,0.79899188,0.990443609,0.964317665,0.910051635,0.006624647,0.002802894,0.828193978,0.998236977,SEKER
58003,934.279,338.0408857,219.0556948,1.543173238,0.761627245,58862,271.7567171,0.816207925,0.985406544,0.835039743,0.803916711,0.00582799,0.00150156,0.646282079,0.997325208,BARBUNYA
46261,848.807,350.4626603,169.0434528,2.073210494,0.875982057,46904,242.6959715,0.795682835,0.986291148,0.80687633,0.692501653,0.007575769,0.001074706,0.479558539,0.994225796,HOROZ
62683,1007.347,343.3923073,233.9888426,1.467558468,0.731907633,64225,282.5074767,0.701646574,0.975990658,0.776249695,0.822695997,0.005478237,0.001548025,0.676828704,0.993285695,BARBUNYA
169165,1581.568,591.8558128,366.3766662,1.615429877,0.785367124,171119,464.0986615,0.683992399,0.988581046,0.849854618,0.784141427,0.00349869,0.000815949,0.614877777,0.993291932,BOMBAY
62499,1002.996,353.6828434,225.352307,1.569466264,0.77073215,63749,282.092535,0.723745006,0.980391849,0.780700631,0.797586143,0.005659016,0.001412639,0.636143656,0.998406007,BARBUNYA
68100,1014.884,384.1957345,227.0617879,1.692031663,0.806667535,69047,294.4615645,0.72262309,0.986284705,0.830852947,0.766436319,0.005641641,0.001200852,0.587424631,0.993941075,CALI
57812,906.071,289.5485579,254.9310128,1.135791816,0.474151929,58725,271.3089098,0.769390471,0.984452959,0.88491875,0.9370066,0.005008451,0.002381517,0.877981369,0.997204053,BARBUNYA
39530,742.108,278.3444836,181.3849342,1.534551284,0.758514388,39940,224.3460702,0.740900401,0.989734602,0.901991514,0.806001496,0.007041348,0.00183307,0.649638411,0.996903458,SIRA
33468,659.987,224.4599389,189.9543464,1.181652029,0.53274976,33748,206.4286344,0.792329545,0.991703212,0.965536869,0.91966805,0.006706703,0.002959465,0.845789323,0.999428669,SEKER
35609,686.971,230.1693895,197.1409408,1.167537238,0.516140833,36002,212.9290655,0.789329018,0.98908394,0.948184461,0.925097234,0.006463798,0.00292023,0.855804892,0.999184079,SEKER
35247,682.573,234.9905396,191.2353297,1.228802962,0.581144872,35605,211.8439856,0.759012016,0.989945232,0.950678806,0.90150006,0.006666966,0.002716258,0.812702358,0.998651065,SEKER
25017,585.64,214.5476596,149.0574024,1.439362663,0.719249431,25394,178.4730615,0.713426111,0.985153973,0.916607969,0.831857415,0.008576075,0.002533167,0.691986759,0.996019904,DERMASON
63127,989.856,351.1002035,229.1462507,1.532210116,0.757657815,64252,283.5062482,0.718528046,0.982490817,0.809619528,0.807479589,0.005561807,0.001458552,0.652023287,0.999036677,BARBUNYA
36474,713.319,259.3227454,179.5186179,1.444545131,0.721648717,36885,215.4997428,0.811290538,0.988857259,0.900794392,0.8310098,0.007109797,0.002091518,0.690577288,0.997570059,SIRA
24277,582.828,220.2652552,141.9059831,1.552191461,0.764814616,24743,175.8136412,0.686760962,0.98116639,0.898098698,0.798190532,0.009073001,0.002271732,0.637108125,0.988913791,DERMASON
65049,964.019,371.5166427,224.0672843,1.658058399,0.797654197,65696,287.7897829,0.813071846,0.990151607,0.879588011,0.774634969,0.005711335,0.001268545,0.600059335,0.99493342,CALI
60155,959.281,352.8874658,217.4922322,1.622529054,0.787494419,61020,276.7520999,0.681967622,0.98582432,0.821466599,0.784250297,0.005866303,0.001368873,0.615048529,0.997934108,BARBUNYA
33330,653.776,224.3601667,189.4313875,1.184387496,0.535842011,33580,206.0026068,0.790184922,0.992555092,0.979912348,0.918178168,0.006731478,0.002951196,0.843051148,0.998499238,SEKER
35481,679.09,237.9018822,190.0844881,1.251558634,0.601326085,35754,212.5460239,0.789010207,0.992364491,0.966832064,0.893418841,0.00670505,0.002635131,0.798197226,0.99899063,SEKER
43978,836.878,331.8858573,169.5511465,1.957438001,0.859656873,44747,236.6316308,0.640285361,0.98281449,0.789080001,0.712991005,0.007546634,0.00120301,0.508356173,0.99507569,HOROZ
44049,812.823,322.7544975,176.2762927,1.830958051,0.837679472,44699,236.822568,0.817235622,0.985458288,0.837826223,0.73375451,0.00732717,0.001310144,0.53839568,0.985779906,HOROZ
63169,970.643,365.6305243,222.0500065,1.646613436,0.794467186,63951,283.6005444,0.720811082,0.987771888,0.842548311,0.775647889,0.005788132,0.00129234,0.601629648,0.990651462,CALI
37834,743.388,286.8789789,168.8360245,1.699157391,0.808477564,38479,219.4806254,0.758987321,0.98323761,0.860322004,0.765063464,0.007582571,0.001602456,0.585322104,0.99455438,SIRA
53249,919.923,325.3866286,208.9174205,1.557489212,0.766655211,54195,260.3818974,0.696684635,0.982544515,0.790712066,0.800223102,0.006110662,0.001545654,0.640357014,0.997349141,BARBUNYA
46563,852.78,352.41319,168.93977,2.086028588,0.877607539,47203,243.486864,0.690927707,0.98644154,0.804594028,0.690913027,0.007568524,0.00106386,0.477360811,0.995788299,HOROZ
39600,736.956,276.151578,183.0653099,1.508486661,0.748693747,39961,224.5446191,0.757749713,0.990966192,0.91626676,0.813120898,0.006973525,0.00188041,0.661165595,0.99735948,SIRA
47775,852.11,341.6923548,178.6041407,1.913126725,0.852513916,48428,246.6353974,0.794079516,0.986516065,0.82683573,0.721805431,0.007152116,0.001197553,0.52100308,0.996744916,HOROZ
34151,674.271,231.5136009,188.035623,1.231222027,0.583377426,34580,208.524348,0.750455974,0.987593985,0.943939862,0.900700206,0.006779116,0.002752161,0.811260861,0.998842241,SEKER
24804,592.071,226.1977418,140.3521638,1.611644136,0.784218811,25093,177.7116588,0.741724231,0.988482844,0.889168374,0.78564736,0.009119406,0.002143172,0.617241775,0.994774087,DERMASON
33433,657.349,225.0025125,189.5660154,1.186934863,0.538686621,33708,206.3206672,0.776807082,0.991841699,0.972284135,0.916970503,0.006729953,0.002935035,0.840834904,0.998016261,SEKER
58877,964.919,376.8503384,202.2688788,1.863115772,0.843750686,60278,273.7965023,0.713816348,0.976757689,0.794646218,0.726539091,0.006400638,0.001100117,0.527859051,0.983462523,CALI
63557,1023.845,372.0830453,218.3550724,1.704027487,0.809699298,64632,284.4701843,0.714115572,0.983367372,0.761912022,0.764534122,0.00585432,0.001233797,0.584512424,0.996025236,BARBUNYA
42193,811.097,318.9430398,169.096703,1.886157649,0.84788613,42842,231.7796283,0.746514508,0.984851314,0.805943653,0.726711668,0.007559146,0.001300472,0.528109848,0.996098429,HOROZ
35330,682.682,234.6395107,192.0162337,1.221977466,0.574726302,35655,212.0932651,0.746871301,0.990884869,0.952613205,0.903911129,0.006641367,0.002734892,0.81705533,0.998423202,SEKER
129409,1348.888,484.364424,341.1726593,1.419704689,0.709831188,130688,405.9170559,0.79933414,0.990213333,0.893763394,0.838040607,0.003742896,0.001138801,0.702312059,0.997075723,BOMBAY
34594,670.069,233.4408877,188.8659908,1.236013359,0.587736043,34848,209.8724584,0.781432121,0.992711203,0.968214523,0.899038984,0.006748017,0.002719381,0.808271095,0.99903387,SEKER
63988,992.483,351.3899746,233.0086792,1.508055304,0.748525812,65106,285.4330955,0.790287521,0.982828004,0.816323402,0.812297208,0.005491498,0.001474791,0.659826755,0.995055238,BARBUNYA
61387,960.455,318.9882422,245.2603572,1.300610689,0.639405632,62237,279.5717366,0.803789347,0.986342529,0.83624249,0.876432732,0.005196348,0.001891265,0.768134334,0.999043726,BARBUNYA
35906,708.182,265.8057944,172.462698,1.541236438,0.760933637,36238,213.8151985,0.810921903,0.990838346,0.899678045,0.804403828,0.007402824,0.001911938,0.647065518,0.997280955,SIRA
24827,578.304,214.1926993,147.7881718,1.449322341,0.723830688,25121,177.794033,0.716507937,0.988296644,0.932871265,0.830065794,0.00862741,0.002526447,0.689009223,0.99859646,DERMASON
25757,620.685,238.2027642,138.9055878,1.714853722,0.812371592,26150,181.0934316,0.72727016,0.984971319,0.84016124,0.760249077,0.009248079,0.001905702,0.577978659,0.991148854,DERMASON
68552,1014.755,390.4415269,226.0322675,1.727370748,0.815388241,69827,295.437163,0.761485826,0.981740587,0.836580224,0.75667454,0.005695553,0.001151734,0.57255636,0.989017108,CALI
66967,997.021,388.6036138,221.1781139,1.75697137,0.822225933,68035,292.0017681,0.704063502,0.984302197,0.846568483,0.751412899,0.005802912,0.001141144,0.564621345,0.992023539,CALI
162230,1486.167,543.4072553,381.8371778,1.423138675,0.711513713,163470,454.4861399,0.782834863,0.99241451,0.923008722,0.836363769,0.00334961,0.001011009,0.699504353,0.995491698,BOMBAY
46831,878.182,367.5692384,163.986975,2.241453862,0.894963679,47446,244.1865703,0.774040528,0.987037896,0.763087313,0.664328091,0.007848845,0.000943009,0.441331812,0.989224894,HOROZ
25603,591.657,224.5774511,145.8854859,1.539409144,0.76027626,25993,180.551245,0.825078148,0.98499596,0.91909564,0.80395981,0.008771529,0.002260437,0.646351377,0.99499922,DERMASON
21666,531.318,187.1686348,147.6309493,1.267814342,0.614702534,21877,166.0903609,0.810913991,0.990355168,0.964449616,0.887383514,0.008638818,0.0033043,0.787449501,0.998339771,DERMASON
20548,524.736,183.9652515,142.6723878,1.289424354,0.631298586,20825,161.7483421,0.759686483,0.986698679,0.937772948,0.87923312,0.008952952,0.003300366,0.77305088,0.996790631,DERMASON
68292,1035.332,402.7115718,218.4844239,1.843204951,0.840034319,69606,294.8763724,0.80004686,0.981122317,0.800608913,0.732227214,0.005896907,0.001045653,0.536156693,0.988246672,CALI
24767,597.703,226.9693901,139.2806607,1.629582952,0.789575102,25154,177.5790635,0.698448957,0.984614773,0.871189027,0.782392125,0.009164186,0.002118222,0.612137438,0.997528733,DERMASON
59688,964.218,351.1883989,217.1409106,1.617329493,0.785939663,60632,275.6757551,0.728044496,0.984430664,0.806763835,0.784979675,0.005883735,0.001378055,0.616193089,0.996587257,BARBUNYA
33090,653.809,228.406675,184.6885548,1.236712666,0.588365282,33352,205.2595833,0.769355964,0.992144399,0.972758069,0.898658427,0.006902589,0.002776965,0.807586968,0.998753033,SEKER
67013,974.899,357.4088587,240.1543992,1.488246144,0.740612973,67890,292.1020397,0.755978972,0.987082044,0.886032546,0.817277,0.005333426,0.001467787,0.667941694,0.994061651,CALI
170598,1620.307,614.4028157,357.4440405,1.718878331,0.813349954,172462,466.0602105,0.685226095,0.989191822,0.816562033,0.758558064,0.003601466,0.000735554,0.575410337,0.989060359,BOMBAY
38090,733.169,276.5891229,176.1024588,1.57061477,0.771117087,38613,220.2219205,0.730855575,0.986455339,0.890456378,0.796206005,0.007261463,0.001800138,0.633944002,0.995681813,SIRA
44648,808.725,310.6323563,183.9106347,1.689039662,0.805899464,45229,238.4273457,0.74552498,0.987154259,0.857847592,0.767554767,0.006957363,0.001489573,0.58914032,0.995081366,HOROZ
45413,851.184,356.4810558,162.7388862,2.190509374,0.889715806,46013,240.4612806,0.686733506,0.986960207,0.787667912,0.674541541,0.007849758,0.001002469,0.45500629,0.996695543,HOROZ
34794,671.293,236.6108792,187.4231531,1.262442101,0.610371182,35052,210.4782571,0.784974619,0.992639507,0.970264152,0.889554436,0.006800336,0.002626638,0.791307094,0.99897939,SEKER
64934,1005.197,393.1435875,211.6841501,1.857217875,0.842663986,66119,287.5352789,0.749598846,0.982077769,0.807569026,0.731374714,0.006054511,0.001068608,0.534908972,0.993442505,CALI
58481,926.502,348.7394788,214.4989431,1.625833087,0.788473062,59402,272.8741868,0.697447823,0.984495472,0.856114656,0.78245855,0.005963295,0.001378832,0.612241382,0.995402296,BARBUNYA
178573,1634.814,619.885914,373.2696081,1.660692166,0.798376522,183684,476.829325,0.664534328,0.97217504,0.839631962,0.769221101,0.003471331,0.000749688,0.591701102,0.982633384,BOMBAY
126503,1326.959,475.7724586,339.3818868,1.401879349,0.700830189,128220,401.3335547,0.771312725,0.986608953,0.902808585,0.843540956,0.003760958,0.001174635,0.711561345,0.997523155,BOMBAY
38294,771.058,306.0067702,160.3861358,1.907937795,0.851640669,38844,220.8108583,0.827191429,0.985840799,0.809406154,0.721588147,0.007990985,0.001336404,0.520689454,0.993443088,HOROZ
49991,911.824,329.2584334,193.819678,1.698787433,0.808384249,51285,252.290543,0.737417394,0.974768451,0.755578602,0.766238667,0.006586354,0.001400494,0.587121694,0.997394956,BARBUNYA
43871,814.595,328.4832516,170.8977177,1.922104379,0.854006029,44373,236.343589,0.643505684,0.988686814,0.830814213,0.719499664,0.00748748,0.001237764,0.517679766,0.995034545,HOROZ
35647,683.548,233.6041328,194.4070019,1.20162407,0.554465019,35993,213.0426484,0.771312965,0.99038702,0.958726687,0.911981504,0.006553262,0.002796285,0.831710264,0.999403073,SEKER
62080,952.938,352.9881785,225.4791303,1.565502661,0.769395693,62772,281.1453555,0.724345137,0.988975977,0.859077375,0.796472439,0.005686021,0.001411469,0.634368346,0.993105335,CALI
45030,842.585,343.6325296,168.215351,2.042813141,0.87199149,45623,239.4451434,0.630760611,0.98700217,0.797047794,0.696805811,0.007631191,0.001109735,0.485538338,0.991864097,HOROZ
64380,979.195,343.5301553,239.1536556,1.436441163,0.717881852,65278,286.3060633,0.796506161,0.986243451,0.843766856,0.83342338,0.005335976,0.001588021,0.694594531,0.997744176,BARBUNYA
56567,915.89,326.4419563,220.9832273,1.477225038,0.736033669,57388,268.3716478,0.72307653,0.985693873,0.847395935,0.822111382,0.00577089,0.001626092,0.675867124,0.998407838,BARBUNYA
35083,685.515,227.9847727,196.1941843,1.162036344,0.509351984,35477,211.3505688,0.782700846,0.988894213,0.938150821,0.927038093,0.00649844,0.002960596,0.859399625,0.998653599,SEKER
64109,981.018,373.4990076,220.4077647,1.694581895,0.807318419,65040,285.7028421,0.678043363,0.985685732,0.837095321,0.764936014,0.005826,0.001230412,0.585127106,0.991545799,CALI
34787,677.348,230.8566379,192.6459316,1.198346811,0.551033739,35126,210.4570836,0.726833957,0.990349029,0.952803043,0.911635401,0.006636291,0.002827417,0.831079104,0.995920994,SEKER
46267,854.523,341.6146656,174.9660702,1.952462356,0.85888185,47026,242.7117097,0.685223856,0.983859992,0.796221117,0.71048387,0.007383549,0.001160545,0.50478733,0.985578259,HOROZ
68374,1009.761,392.1127583,222.8151817,1.759811675,0.822861059,68994,295.0533522,0.766816948,0.991013711,0.8426819,0.752470676,0.005734823,0.001134118,0.566212118,0.996426696,CALI
25577,585.902,209.4219741,155.888184,1.343411468,0.667763414,25895,180.4595463,0.762718435,0.987719637,0.936288106,0.861703014,0.008187902,0.002784728,0.742532084,0.997526117,DERMASON
61786,966.634,327.7161336,241.1030575,1.359236739,0.677299928,62957,280.4788379,0.734219032,0.981400003,0.830951757,0.855859108,0.005304052,0.001755483,0.732494814,0.995633862,BARBUNYA
64531,980.585,386.0373463,215.9650235,1.787499383,0.828870342,65443,286.6416248,0.76415072,0.986064209,0.843349842,0.742523042,0.0059822,0.00112171,0.551340468,0.985520747,CALI
41487,815.9,299.046841,177.0814896,1.688752684,0.805825541,42483,229.8323062,0.68917572,0.976555328,0.783155548,0.76854952,0.007208206,0.001551295,0.590668365,0.997492788,BARBUNYA
182940,1636.335,624.297759,376.421904,1.658505396,0.797777077,185434,482.6245355,0.792689268,0.986550471,0.858566817,0.773067865,0.003412582,0.000751854,0.597633924,0.991179087,BOMBAY
43145,799.426,273.4029446,201.2668862,1.358409969,0.676813217,43812,234.379863,0.766123304,0.98477586,0.848367064,0.857268978,0.00633684,0.002111159,0.734910101,0.998309207,BARBUNYA
67882,989.45,380.7966196,228.2109532,1.668616752,0.800525428,68501,293.9898753,0.742756478,0.990963636,0.871318204,0.772039089,0.005609685,0.00122935,0.596044355,0.994569596,CALI
56277,944.618,335.3126339,213.9215297,1.567456227,0.770055958,57408,267.6828382,0.698243133,0.980298913,0.792553099,0.798308239,0.005958254,0.00149273,0.637296044,0.998933653,BARBUNYA
62222,983.348,376.8332561,214.7422165,1.754816832,0.821741765,64103,281.4667138,0.738119528,0.9706566,0.808610456,0.746926417,0.00605627,0.001162777,0.557899072,0.979010683,CALI
25306,589.45,220.5987438,146.1876275,1.50901104,0.748897654,25639,179.5009747,0.773694509,0.987011974,0.915249338,0.813698988,0.008717251,0.002357298,0.662106044,0.99912533,DERMASON
35464,741.988,278.138932,163.9807355,1.69616834,0.807721576,36088,212.4950993,0.822182037,0.982708934,0.809475706,0.763989053,0.007842853,0.001648171,0.583679273,0.990018304,HOROZ
35149,682.373,238.9292213,187.4223342,1.274817232,0.620222204,35509,211.5492774,0.782549648,0.989861725,0.948591369,0.885405629,0.006797611,0.002576945,0.783943127,0.999384208,SEKER
35798,743.142,295.1079192,156.380855,1.887110281,0.848053424,36549,213.4933939,0.728608646,0.979452242,0.814563628,0.723441765,0.008243699,0.001392888,0.523367987,0.987653109,HOROZ
47940,854.752,284.1537887,215.1572513,1.320679582,0.653199406,48828,247.0609313,0.760107817,0.981813713,0.824570213,0.869462035,0.00592728,0.002089477,0.75596423,0.998386523,BARBUNYA
34509,668.332,230.3294856,190.9197413,1.206420478,0.559399185,34776,209.6144638,0.783654283,0.992322291,0.970862501,0.910063526,0.006674476,0.002824124,0.828215621,0.999176286,SEKER
47791,873.56,368.740375,165.7711303,2.224394407,0.893249854,48367,246.6766934,0.806122965,0.988091054,0.786992335,0.668971206,0.007715687,0.0009532,0.447522475,0.99546649,HOROZ
157119,1483.123,530.0022279,379.4318941,1.396830989,0.698196446,158406,447.2696324,0.773870857,0.991875308,0.897602866,0.843901419,0.003373254,0.001055348,0.712169605,0.994780574,BOMBAY
39931,785.747,320.9856849,159.5821638,2.011413289,0.867657238,40451,225.481104,0.805255304,0.987144941,0.812745526,0.702464672,0.008038509,0.001207406,0.493456616,0.992545195,HOROZ
178848,1643.858,650.513994,351.6060806,1.85012157,0.841340788,180604,477.1963391,0.803211986,0.99027707,0.831697417,0.733568138,0.003637245,0.000649702,0.538122213,0.995591513,BOMBAY
188247,1691.965,664.1887128,368.0132442,1.804795679,0.832463864,194252,489.5748406,0.727547132,0.969086547,0.826333154,0.737102018,0.003528283,0.000642471,0.543319385,0.980580479,BOMBAY
61883,988.708,349.854532,227.0737283,1.540708979,0.76074418,63151,280.6989183,0.680736145,0.979921141,0.795509054,0.802330376,0.005653484,0.001445136,0.643734033,0.991806804,BARBUNYA
24458,570.635,209.014197,149.3111557,1.399856534,0.69977949,24712,176.4678237,0.783910256,0.989721593,0.943873935,0.844286303,0.008545842,0.002678512,0.712819362,0.997844841,DERMASON
45805,859.282,350.5989655,167.0855724,2.098319804,0.879135564,46453,241.4968682,0.636357321,0.986050417,0.779563187,0.688812267,0.007654164,0.001062872,0.474462339,0.995573722,HOROZ
39479,732.103,258.9186658,195.1284297,1.326914105,0.657300852,39880,224.2013024,0.740138733,0.989944835,0.925617665,0.865914019,0.00655839,0.002274448,0.749807088,0.994929601,SIRA
22205,564.439,206.9064294,137.691618,1.50267992,0.746417718,22532,168.1436412,0.725274366,0.985487307,0.875843707,0.812655468,0.009318011,0.002506853,0.66040891,0.992383207,DERMASON
36129,712.296,259.6400787,177.9169252,1.459333216,0.728313141,36582,214.4781376,0.701806527,0.987616861,0.894838774,0.826059439,0.007186473,0.002064148,0.682374196,0.99581133,SIRA
53202,897.65,301.8954431,224.7506292,1.343246264,0.667661348,54102,260.2669596,0.751865461,0.983364755,0.829705086,0.8621096,0.005674513,0.001933563,0.743232962,0.9983449,BARBUNYA
34841,675.857,231.9569641,191.6112724,1.210560116,0.563576479,35137,210.620367,0.789079132,0.991575832,0.958497188,0.908014846,0.006657586,0.002791698,0.82449096,0.998095872,SEKER
23992,563.407,201.021699,152.1514111,1.321195101,0.653541731,24263,174.7786118,0.793176408,0.98883073,0.949799288,0.869451471,0.008378697,0.002953504,0.75594586,0.998751967,DERMASON
43746,836.693,339.3525674,165.4114419,2.051566467,0.873160718,44442,236.0066464,0.713777575,0.984339139,0.785264458,0.695461502,0.007757339,0.001119399,0.483666701,0.992274385,HOROZ
37039,747.615,301.8019516,156.9820182,1.922525618,0.854075464,37726,217.1624265,0.760929411,0.981789747,0.832747052,0.719552758,0.008148221,0.001347389,0.517756171,0.995399503,HOROZ
41857,799.297,317.5037187,169.3315803,1.875041372,0.845912589,42538,230.854906,0.7046633,0.983990785,0.823306599,0.72709355,0.007585439,0.001307741,0.528665031,0.991268804,HOROZ
59921,1021.206,359.0814765,213.1506727,1.684636844,0.804760426,61108,276.2132994,0.765274585,0.980575375,0.722041569,0.769221799,0.005992582,0.001294196,0.591702176,0.996803287,BARBUNYA
33319,668.601,225.0172378,188.8365103,1.191598158,0.543808892,33732,205.9686102,0.7960388,0.987756433,0.936629385,0.915345918,0.006753421,0.002924453,0.83785815,0.998390229,SEKER
45297,854.181,341.5499689,169.6706172,2.013017779,0.867884177,46087,240.1539749,0.626731235,0.982858507,0.780152474,0.70312984,0.007540234,0.001136859,0.494391571,0.995219023,HOROZ
51734,878.392,319.9387591,206.311128,1.550758615,0.764312792,52632,256.6510756,0.746522367,0.982938136,0.842576184,0.802188132,0.006184304,0.001579703,0.643505799,0.997922163,BARBUNYA
40022,814.562,303.9554133,170.8870495,1.778691915,0.826993889,40845,225.7378857,0.669555325,0.979850655,0.757984561,0.742667759,0.007594708,0.001425178,0.551555401,0.981047132,HOROZ
60045,956.542,356.4396421,216.6974691,1.644872197,0.793975337,61058,276.4989484,0.807164942,0.983409217,0.824667018,0.775724459,0.005936209,0.001325925,0.601748436,0.989799271,BARBUNYA
59468,945.536,370.0789421,205.5291693,1.80061518,0.831606207,60107,275.1672387,0.746710196,0.989368959,0.835866769,0.743536601,0.006223161,0.001173276,0.552846677,0.995464119,CALI
170186,1602.527,581.4943271,381.3481079,1.524838632,0.754928506,174345,465.4970947,0.777701616,0.976145,0.832765997,0.80051872,0.003416816,0.00086554,0.640830222,0.977162679,BOMBAY
155333,1491.933,564.3184252,352.0819275,1.602804294,0.781499004,156942,444.7202696,0.74197755,0.989747805,0.876950245,0.788066187,0.003632959,0.000864353,0.621048315,0.995418906,BOMBAY
34179,677.064,225.0605017,193.5928928,1.16254527,0.50998793,34576,208.6098138,0.778015524,0.988518047,0.936935665,0.926905486,0.00658476,0.002998206,0.85915378,0.998805163,SEKER
22309,556.965,198.7999603,144.1374861,1.379238432,0.688709073,22620,168.5369425,0.742544268,0.986251105,0.90372055,0.84777151,0.0089112,0.00283943,0.718716533,0.991281464,DERMASON
63064,972.177,364.0969279,222.1178334,1.639206193,0.792361858,64230,283.3647449,0.733985102,0.981846489,0.838495417,0.778267333,0.005773451,0.001306563,0.605700041,0.992867258,CALI
31178,636.888,212.9759252,186.5620882,1.141582018,0.482352224,31520,199.2412169,0.764110482,0.989149746,0.965899596,0.935510513,0.006830968,0.003227429,0.875179919,0.999089658,SEKER
33583,657.754,221.7110512,192.9504091,1.149057171,0.492559596,33868,206.7829868,0.775302429,0.991584977,0.975444036,0.93266883,0.006601883,0.003081467,0.869871147,0.999531679,SEKER
63732,1018.891,341.2361728,238.5801589,1.430278923,0.714961009,65059,284.86155,0.767106799,0.979603129,0.771457418,0.834792946,0.005354236,0.001603956,0.696879263,0.996731722,BARBUNYA
156513,1500.447,569.2031874,352.8267399,1.613265445,0.784711791,157878,446.4062509,0.791232957,0.991354084,0.873612744,0.784265199,0.003636779,0.000848689,0.615071902,0.992274245,BOMBAY
65293,973.285,359.7692789,233.3072839,1.542040492,0.76122198,66249,288.3290301,0.714897298,0.985569594,0.866156616,0.801427601,0.005510074,0.00140215,0.642286199,0.990431327,CALI
34680,669.575,231.2624473,191.2410961,1.20927171,0.56228427,34941,210.1331659,0.77594308,0.992530265,0.972054226,0.908635052,0.006668467,0.002803908,0.825617658,0.998396077,SEKER
56834,910.081,341.5703246,212.3913014,1.608212401,0.783169393,57509,269.0042682,0.806453444,0.988262707,0.862299217,0.787551637,0.006009965,0.001426159,0.62023758,0.997473768,CALI
65144,974.566,368.2026409,226.9820111,1.622166616,0.787386627,66001,287.9998557,0.77937429,0.987015348,0.861909711,0.782177594,0.005652134,0.00130501,0.611801788,0.992444437,CALI
35610,678.391,234.4285953,193.8260159,1.209479513,0.562493166,35888,212.9320553,0.756806155,0.992253678,0.972347904,0.908302398,0.006583224,0.002764014,0.825013247,0.99783662,SEKER
22869,565.655,207.1308529,141.2546429,1.466364918,0.731390883,23192,170.6391372,0.788368726,0.986072784,0.898160141,0.823822887,0.009057276,0.002573433,0.678684149,0.995198626,DERMASON
35410,704.701,228.5505682,197.4338111,1.15760602,0.5037461,35997,212.3332576,0.765952844,0.983693086,0.896037148,0.92904279,0.006454407,0.002966054,0.863120506,0.999153494,SEKER
132851,1369.46,511.9757505,333.4049732,1.535597222,0.758895493,134466,411.2798886,0.686341468,0.987989529,0.89017622,0.803319079,0.003853759,0.000989958,0.645321543,0.990953969,BOMBAY
60024,959.984,356.1646862,215.3835281,1.653630105,0.796430432,60955,276.4505931,0.717501225,0.984726438,0.818477618,0.776187544,0.005933705,0.001328533,0.602467104,0.99625774,BARBUNYA
160641,1514.903,544.8924394,376.7901627,1.446142955,0.722381659,161945,452.2548769,0.778638941,0.991947884,0.879623071,0.829989268,0.003391989,0.000992942,0.688882185,0.996222119,BOMBAY
23226,571.287,207.3553129,142.7751858,1.452320385,0.725185733,23524,171.9658736,0.79,0.987332086,0.894284292,0.829329479,0.008927724,0.002605127,0.687787384,0.998887639,DERMASON
67397,1000.63,385.2596558,225.6963263,1.706982396,0.810434599,68657,292.9377504,0.786420228,0.981647902,0.845869549,0.760364461,0.005716273,0.001178637,0.578154113,0.986898893,CALI
40110,788.776,324.1950783,158.7281502,2.042454838,0.871943275,40762,225.9859246,0.624532885,0.98400471,0.810130812,0.697067722,0.00808265,0.001177154,0.485903409,0.992435768,HOROZ
33518,702.956,277.5713992,154.3055806,1.798842259,0.831240405,34023,206.5827753,0.808383378,0.9851571,0.852376909,0.744250942,0.008281264,0.001567307,0.553909465,0.996395753,HOROZ
64252,966.933,378.9307449,217.7462558,1.740240004,0.818410945,65281,286.0213055,0.746768945,0.984237374,0.863582335,0.754811557,0.005897571,0.001180884,0.569740486,0.991485186,CALI
66372,1013.706,392.7459887,218.056199,1.801122786,0.831710712,67804,290.7016599,0.748925223,0.978880302,0.811653628,0.740177286,0.005917344,0.001095594,0.547862414,0.986767478,CALI
58094,922.37,350.1062379,212.8556695,1.644805792,0.793956543,58691,271.969811,0.784672322,0.989828083,0.85808598,0.776820809,0.006026547,0.001353729,0.60345057,0.992558992,CALI
68008,996.629,371.7058809,234.4417579,1.58549349,0.776011749,69070,294.2625952,0.725465096,0.984624294,0.860404805,0.791654398,0.00546562,0.001324225,0.626716685,0.993655224,CALI
25642,592.4,216.8463443,151.0528411,1.435566142,0.717470111,26019,180.6887058,0.801888858,0.985510588,0.918188101,0.833256868,0.008456686,0.002514754,0.694317009,0.996737989,DERMASON
155917,1507.244,553.8696768,361.7394028,1.531128963,0.757260593,158297,445.5554849,0.7876585,0.984964971,0.862454528,0.804441015,0.003552337,0.000917637,0.647125346,0.99083236,BOMBAY
67796,1020.867,404.659343,215.6127283,1.876787823,0.846225277,69042,293.8035878,0.77715622,0.981953014,0.817477117,0.72605166,0.005968779,0.001023141,0.527151013,0.989350602,CALI
24687,597.668,236.3729804,133.396772,1.771954276,0.825536555,24926,177.2920321,0.802672649,0.990411618,0.868476704,0.750052023,0.009574796,0.001869282,0.562578037,0.996862557,DERMASON
25814,600.225,217.3595755,152.0178211,1.429829568,0.71474607,26186,181.2936999,0.748101779,0.985793936,0.900403157,0.834072755,0.008420221,0.002513732,0.69567736,0.994700059,DERMASON
38326,752.941,293.0184093,167.6879488,1.747402908,0.820059784,38888,220.9030982,0.740370127,0.985548241,0.849535372,0.753888122,0.007645421,0.001523382,0.5683473,0.993131724,SIRA
34146,789.379,247.6608668,176.137973,1.406061752,0.702983339,34931,208.5090825,0.762664165,0.977527125,0.688618305,0.841913723,0.007252998,0.002247852,0.708818718,0.996642888,SIRA
131488,1368.233,485.8925009,345.6212635,1.405852452,0.702876202,132905,409.1646628,0.793367686,0.989338249,0.882624263,0.842088861,0.003695337,0.001146214,0.70911365,0.996909164,BOMBAY
34968,673.319,238.1086753,187.1376478,1.272371851,0.618310695,35218,211.0038872,0.755509463,0.992901357,0.969256937,0.886166314,0.006809331,0.002590271,0.785290736,0.999181827,SEKER
56376,921.455,350.6922928,205.3987297,1.707373231,0.810531519,57032,267.9181826,0.682650392,0.988497686,0.834364582,0.763969406,0.006220596,0.00130712,0.583649253,0.996507111,CALI
25684,596.865,228.310897,143.8543837,1.587097252,0.776529325,25969,180.8366237,0.688357633,0.989025376,0.905983524,0.792063042,0.008889227,0.002158156,0.627363863,0.995687463,DERMASON
138265,1396.139,512.8063507,345.1812989,1.485614523,0.739531344,139739,419.5765313,0.754836984,0.989451764,0.891383938,0.818196832,0.003708866,0.001025303,0.669446055,0.994538782,BOMBAY
46522,853.266,351.1710871,170.4460356,2.060306571,0.874311813,47247,243.3796419,0.738092972,0.98465511,0.802970074,0.693051481,0.007548495,0.001074242,0.480320355,0.989607184,HOROZ
148827,1503.932,532.8745985,364.5403018,1.461771431,0.729386841,153846,435.3072728,0.749169418,0.967376467,0.826866108,0.816903778,0.003580497,0.000983573,0.667331783,0.975486535,BOMBAY
62741,957.314,365.7572805,221.4077453,1.651962446,0.795966527,63687,282.6381472,0.756845762,0.985146105,0.860305066,0.772747837,0.005829637,0.001282249,0.597139219,0.986451565,CALI
155913,1510.721,574.9772165,347.1721053,1.65617343,0.797134712,157587,445.5497695,0.772772331,0.989377296,0.858467108,0.774899869,0.003687808,0.00082022,0.600469807,0.994482139,BOMBAY
26163,600.667,227.756922,146.4301763,1.555396079,0.76593077,26435,182.5151123,0.701684278,0.989710611,0.911233882,0.801359233,0.008705306,0.002214485,0.64217662,0.998838997,DERMASON
39546,744.512,268.3643429,188.342414,1.424874712,0.712358179,40022,224.3914683,0.777210015,0.988106541,0.89653866,0.836144869,0.006786131,0.002046106,0.699138242,0.996184401,SIRA
23590,561.266,199.563129,150.6856359,1.324367302,0.655635504,23907,173.3081673,0.750270339,0.986740285,0.941023211,0.868437813,0.008459649,0.002968158,0.754184235,0.99881694,DERMASON
24073,576.656,210.9344334,145.714377,1.447588342,0.723041948,24462,175.0734005,0.711061882,0.984097784,0.909717291,0.829989669,0.008762283,0.002565002,0.68888285,0.997218783,DERMASON
42552,793.738,313.3112889,174.1892839,1.798682915,0.831207467,43067,232.7635906,0.645323708,0.988041888,0.848741614,0.742914791,0.007363021,0.00138354,0.551922386,0.992733366,HOROZ
63211,999.886,341.4370908,236.1335757,1.445948929,0.722292825,64474,283.6948094,0.725462517,0.980410708,0.794513992,0.830884567,0.005401545,0.001588037,0.690369164,0.998238553,BARBUNYA
61142,1024.175,361.2581014,216.1530585,1.671306915,0.801246683,62247,279.0132833,0.772970923,0.98224814,0.732489095,0.772337789,0.00590851,0.001296841,0.59650566,0.996944035,BARBUNYA
165855,1538.592,578.1032529,367.622113,1.572547549,0.771762548,167630,459.5357926,0.784889499,0.989411203,0.88042323,0.794902624,0.003485594,0.000858445,0.631870182,0.993645905,BOMBAY
46863,867.433,347.4427551,172.1287909,2.018504594,0.868655702,47538,244.2699834,0.700702751,0.985800833,0.782650867,0.70305102,0.00741401,0.001117327,0.494280737,0.997707938,HOROZ
172546,1574.542,597.1470818,370.9714792,1.609684612,0.783620587,174186,468.7135484,0.750382702,0.990584777,0.874593531,0.784921442,0.003460799,0.000810328,0.61610167,0.991729378,BOMBAY
38510,739.853,271.4731406,181.9153893,1.492304425,0.742266717,39082,221.4327322,0.691444474,0.985364106,0.88408191,0.815670868,0.007049419,0.001924832,0.665318965,0.992858435,SIRA
37972,778.569,317.1403375,153.9093843,2.060565306,0.874345643,38615,219.8805403,0.602806706,0.98334844,0.787189189,0.693322527,0.008351952,0.001190444,0.480696127,0.990505761,HOROZ
26044,595.703,221.920449,149.8891835,1.480563466,0.737434613,26333,182.0995626,0.742248062,0.989025178,0.922269775,0.820562339,0.008520982,0.002382954,0.673322551,0.99689677,DERMASON
22748,554.747,204.2664271,142.1328542,1.437151377,0.718215316,23002,170.1871122,0.791427478,0.988957482,0.928887586,0.833162427,0.008979533,0.002669023,0.69415963,0.997612468,DERMASON
68325,1008.586,388.1095479,227.1814888,1.708367834,0.81077781,69595,294.9476087,0.799899317,0.981751563,0.844041175,0.759959682,0.005680345,0.001168737,0.577538719,0.98664857,CALI
38759,738.453,279.3690716,177.7490117,1.571705345,0.771481649,39350,222.1474544,0.794697777,0.98498094,0.89317531,0.795175547,0.00720785,0.001777615,0.632304151,0.993795814,SIRA
39802,750.551,279.3769561,183.5040179,1.522456889,0.754036038,40728,225.1165928,0.796693288,0.977263799,0.887880143,0.80578082,0.007019169,0.001825295,0.64928273,0.988504965,SIRA
39578,756.026,276.6045894,182.5620716,1.515126264,0.751255935,40028,224.4822369,0.710926694,0.988757869,0.870142228,0.811563674,0.006988847,0.001870147,0.658635598,0.997916092,SIRA
51695,880.771,306.3289695,216.056113,1.417821349,0.708901517,52714,256.5543184,0.773483556,0.980669272,0.837398908,0.837512426,0.005925698,0.001798392,0.701427063,0.994498265,BARBUNYA
26269,606.223,226.5682011,147.9420099,1.53146629,0.757384642,26660,182.8844706,0.712611562,0.985333833,0.89823213,0.807193904,0.008624927,0.002258638,0.651561998,0.997845236,DERMASON
58641,910.692,344.1535559,217.2837758,1.583889799,0.775492275,59181,273.2472143,0.704904436,0.99087545,0.888522006,0.793968883,0.005868821,0.001438615,0.630386587,0.998462884,BARBUNYA
62363,950.295,360.5063424,220.6343769,1.633953636,0.790848113,63010,281.7854463,0.69052839,0.989731789,0.867800657,0.781637972,0.005780773,0.001331031,0.610957919,0.998276913,BARBUNYA
176276,1616.13,621.159964,365.5225515,1.699375213,0.808532472,178364,473.7526506,0.800454091,0.988293602,0.848106647,0.762690254,0.003523792,0.0007355,0.581696423,0.988520484,BOMBAY
32251,644.051,220.9809628,186.0277835,1.187892253,0.539747143,32514,202.6406883,0.764060649,0.991911177,0.977040422,0.917005183,0.00685191,0.002988674,0.840898506,0.998896821,SEKER
36551,705.826,257.1654694,181.4023885,1.417652058,0.708817709,36979,215.7270929,0.781839572,0.988425863,0.921963702,0.838864928,0.007035798,0.002149123,0.703694367,0.997593768,SIRA
174091,1588.111,584.7234815,383.24983,1.525697954,0.755249221,176822,470.8073338,0.750871245,0.984555089,0.867410103,0.805179454,0.003358723,0.000870813,0.648313954,0.989131273,BOMBAY
39266,742.046,269.8232313,185.9702506,1.450894594,0.724542673,39665,223.5956707,0.696650344,0.989940754,0.896117316,0.828674646,0.006871676,0.001998843,0.686701669,0.99633174,SIRA
22726,550.994,203.8926238,142.3899858,1.431930923,0.715748915,23071,170.1047968,0.790662074,0.985046162,0.940673971,0.834286173,0.008971778,0.002681134,0.696033418,0.996671775,DERMASON
43204,839.531,346.3371445,159.8134744,2.167133565,0.887171926,43959,234.5400633,0.647076444,0.982824905,0.770300796,0.677201585,0.008016321,0.001039984,0.458601987,0.993851759,HOROZ
184715,1664.133,643.8353874,368.5698852,1.746847513,0.81993278,187214,484.9602484,0.798733028,0.986651639,0.838177431,0.753236398,0.003485561,0.000692114,0.567365072,0.991100265,BOMBAY
46777,845.203,349.1877688,171.1671257,2.040039916,0.871617581,47247,244.0457461,0.821412893,0.990052278,0.822849045,0.698895459,0.007464946,0.00109864,0.488454863,0.996467418,HOROZ
35468,711.867,273.1429586,165.9725366,1.64571178,0.794212727,35914,212.5070826,0.690361258,0.987581445,0.879526324,0.778006813,0.00770111,0.001740471,0.6052946,0.996140454,SIRA
23510,558.79,190.2826321,158.4491421,1.200906673,0.553718121,23901,173.0140506,0.808904487,0.983640852,0.946161434,0.909247726,0.008093689,0.003412363,0.826731428,0.992827288,DERMASON
68564,1007.341,393.5252982,223.2566146,1.762659077,0.823494205,69105,295.4630199,0.724226804,0.992171333,0.849088559,0.750810739,0.005739532,0.001125066,0.563716766,0.993640474,CALI
25394,607.084,231.081041,140.4027921,1.645843629,0.794249968,25762,179.8128054,0.664764398,0.985715395,0.865851483,0.778137422,0.009099828,0.002057966,0.605497847,0.996554774,DERMASON
61918,960.372,353.1381442,224.0962377,1.575832543,0.772852917,62627,280.7782864,0.753920709,0.988679004,0.843621821,0.795094756,0.00570332,0.001405993,0.63217567,0.996202995,CALI
35539,690.791,247.0624813,184.0422124,1.342422904,0.667151862,35853,212.7196751,0.826104138,0.991242016,0.935883361,0.860995462,0.006951869,0.002356594,0.741313185,0.995155798,SEKER
33180,670.488,240.9695005,175.6450402,1.371911784,0.684609702,33564,205.5385319,0.774835365,0.988559171,0.927479302,0.852964925,0.007262492,0.00237132,0.727549163,0.998133271,SIRA
63512,1022.604,358.4412686,226.3641303,1.583472028,0.775356632,64721,284.3694603,0.696747299,0.981319819,0.763221645,0.793350223,0.005643678,0.001379119,0.629404576,0.996644541,BARBUNYA
35175,706.545,226.7972341,197.6791575,1.14729968,0.490196672,35707,211.6275053,0.773552956,0.985100961,0.885450557,0.933113255,0.006447683,0.003015233,0.870700346,0.998954228,SEKER
68456,1021.462,393.3877979,223.1710944,1.762718415,0.823507361,69252,295.2302259,0.818283966,0.988505747,0.824473979,0.750481402,0.005746579,0.001124473,0.563222334,0.99280238,CALI
31335,635.011,216.7900923,184.1634403,1.177161395,0.52758671,31599,199.7422367,0.774277242,0.991645305,0.976510834,0.921362386,0.006918465,0.003075469,0.848908647,0.999302487,SEKER
45918,842.448,350.3625562,167.5918045,2.09057094,0.878175688,46281,241.7945686,0.785406404,0.992156609,0.813030093,0.69012674,0.007630179,0.001067652,0.476274917,0.995686501,HOROZ
67935,989.286,378.0667965,231.005289,1.636615327,0.791617374,68767,294.1046216,0.811038287,0.987901174,0.872287637,0.777917089,0.005565125,0.001257153,0.605154997,0.990405943,CALI
33946,667.313,231.5425397,187.0289921,1.238003462,0.589522187,34246,207.8975459,0.791226721,0.991239853,0.957942188,0.897880563,0.006820908,0.002734615,0.806189505,0.998065399,SEKER
35139,733.998,292.6114961,154.7210779,1.891219348,0.84877176,35769,211.519182,0.641409901,0.982386983,0.819614266,0.722866958,0.008327257,0.00140254,0.522536639,0.988231401,HOROZ
25061,594.405,222.7784508,143.5023163,1.552438013,0.764900793,25381,178.6299421,0.708738688,0.987392144,0.89133991,0.801827742,0.008889448,0.002266621,0.642927728,0.998105445,DERMASON
47751,867.449,350.2488937,174.0812386,2.011985304,0.867738213,48360,246.5734404,0.782546706,0.987406948,0.797451783,0.703994916,0.007334902,0.001111353,0.495608841,0.997157705,HOROZ
32376,643.009,219.1300137,188.3004274,1.163725525,0.511456521,32608,203.0330109,0.784302326,0.992885182,0.984008731,0.926541314,0.006768286,0.00307693,0.858478807,0.9990337,SEKER
61559,972.702,363.4118102,216.014883,1.682346166,0.80416363,62400,279.9631282,0.774560874,0.986522436,0.817601732,0.770374326,0.005903472,0.001282609,0.593476601,0.998433085,BARBUNYA
61247,967.954,348.5079955,224.2208282,1.554306968,0.765552394,62253,279.2527572,0.793560508,0.983840136,0.82145778,0.801280776,0.005690205,0.001446927,0.642050882,0.99794416,BARBUNYA
40669,796.464,321.7839798,162.7094508,1.977660045,0.862739834,41539,227.555222,0.625436371,0.979055827,0.805640067,0.707167654,0.007912267,0.001220591,0.50008609,0.98900028,HOROZ
41548,813.415,321.6418575,165.8641251,1.939188823,0.856781543,42304,230.00121,0.658561714,0.982129349,0.789106523,0.715084821,0.007741452,0.001248626,0.511346301,0.991597031,HOROZ
39596,789.504,318.047727,159.8525261,1.989632162,0.864515902,40203,224.5332782,0.658462766,0.984901624,0.798274966,0.705973535,0.00803232,0.001230763,0.498398633,0.991629949,HOROZ
43185,810.945,325.5185251,170.7169846,1.906772931,0.851443529,43737,234.4884853,0.866194641,0.987379107,0.825201459,0.720353735,0.007537768,0.001252004,0.518909503,0.989442595,HOROZ
44614,850.425,351.2689862,162.3080891,2.164211212,0.886847566,45243,238.3365458,0.633955722,0.986097297,0.775191478,0.678501533,0.007873515,0.001029323,0.460364331,0.996325646,HOROZ
46230,855.563,350.6330821,169.7982098,2.064998698,0.874923141,46861,242.6146413,0.823946674,0.986534645,0.793651366,0.691933117,0.007584536,0.001072421,0.478771438,0.988662395,HOROZ
47057,902.586,374.1129742,161.2226373,2.320474224,0.902377529,47847,244.7750667,0.772692939,0.983489038,0.725866769,0.654281149,0.007950209,0.000898702,0.428083822,0.993357475,HOROZ
59936,922.98,295.4328604,259.7326001,1.137450056,0.476527657,60869,276.2478694,0.834159105,0.984672001,0.884123713,0.935061418,0.004929139,0.002324403,0.874339855,0.994517917,BARBUNYA
64382,990.697,362.7910489,226.5021242,1.601711464,0.78115897,65321,286.3105104,0.78629702,0.985624837,0.824313917,0.789188463,0.005634976,0.001348326,0.622818431,0.99757542,BARBUNYA
140313,1432.029,517.4259023,347.2543044,1.490048923,0.741349726,141966,422.6725213,0.721240439,0.988356367,0.85981328,0.816875459,0.003687655,0.001012869,0.667285515,0.994288063,BOMBAY
166256,1577.223,597.5389312,360.2287358,1.658776416,0.797851523,169300,460.0909842,0.696476897,0.982020083,0.839848572,0.769976583,0.003594089,0.000779253,0.592863938,0.983428718,BOMBAY
44710,832.12,332.0685295,171.9583089,1.931099064,0.855477596,45234,238.5928332,0.694103766,0.988415793,0.811414217,0.718504802,0.007427165,0.001221016,0.516249151,0.996928253,HOROZ
66234,1006.478,398.084825,213.5124985,1.864456778,0.843996137,67144,290.3992906,0.763821298,0.986447039,0.821641326,0.729490984,0.006010279,0.001049915,0.532157095,0.992183904,CALI
52836,932.617,321.6612199,209.4603282,1.535666552,0.758920721,53871,259.370169,0.715789474,0.980787437,0.763366576,0.806345785,0.006087918,0.001587573,0.650193526,0.99848045,BARBUNYA
38787,733.565,263.3797775,187.7299762,1.402971347,0.701394859,39257,222.227681,0.736443381,0.988027613,0.905771914,0.843753773,0.006790414,0.002122946,0.71192043,0.998803964,SIRA
52184,888.581,332.9882035,200.1934012,1.663332565,0.799096574,53114,257.7648781,0.678154646,0.982490492,0.830525907,0.774096125,0.00638104,0.001413354,0.599224811,0.996710142,BARBUNYA
175512,1606.945,602.3650349,374.4872145,1.608506276,0.783259578,177479,472.7248872,0.78507432,0.988916999,0.854111666,0.78478142,0.003432045,0.000803022,0.615881877,0.990649864,BOMBAY
34207,668.737,228.0324687,191.4154535,1.191296024,0.543480298,34515,208.6952446,0.757730817,0.991076344,0.961200851,0.91519969,0.006666252,0.002884861,0.837590472,0.997818199,SEKER
23971,580.59,217.2906552,141.1057253,1.539913811,0.760458107,24255,174.702104,0.784776559,0.988291074,0.893628299,0.80400192,0.009064731,0.002336485,0.646419087,0.99542968,DERMASON
43279,843.066,336.2804457,164.6671347,2.042183137,0.871906695,43813,234.74355,0.614566471,0.987811837,0.765180566,0.698058876,0.00777006,0.001138079,0.487286194,0.995127649,HOROZ
31637,656.711,229.7192546,175.510446,1.308863717,0.645190802,32045,200.702465,0.761823348,0.987267905,0.921842182,0.873685862,0.007261095,0.002609775,0.763326986,0.999090996,SEKER
24524,585.082,211.9964374,147.7645408,1.434690868,0.717057261,24839,176.7057628,0.794428247,0.98731833,0.900259467,0.833531756,0.008644448,0.002573983,0.694775189,0.996787619,DERMASON
49166,856.332,293.7755666,214.1688826,1.371700515,0.684490151,50168,250.2001108,0.775978535,0.980027109,0.84253974,0.851670933,0.005975177,0.001939179,0.725343378,0.994953885,BARBUNYA
38055,743.589,275.3327074,177.1477249,1.554254832,0.765534257,38618,220.1207189,0.689977155,0.985421306,0.864879647,0.799471741,0.007235126,0.001823217,0.639155064,0.993409847,SIRA
59787,1036.442,352.5588679,216.6008809,1.627688985,0.789019632,61185,275.9042817,0.694100028,0.977151263,0.699401595,0.782576491,0.005896915,0.001364306,0.612425964,0.996838996,BARBUNYA
37356,723.044,268.5293042,177.4421174,1.513334647,0.75056874,37768,218.089744,0.774892134,0.989091294,0.897926477,0.812163666,0.007188385,0.001929236,0.65960982,0.998210394,SIRA
64840,993.808,391.2499005,212.0103957,1.845427906,0.840456033,65580,287.3270821,0.769522905,0.988716072,0.824988497,0.734382505,0.006034082,0.001082631,0.539317664,0.995271867,CALI
37140,711.337,254.9999867,186.7010133,1.365820047,0.681131745,37575,217.4583102,0.752903971,0.988423154,0.922361072,0.852777732,0.006865912,0.002239863,0.72722986,0.993265121,SIRA
23310,567.128,216.4826359,137.5590662,1.573743134,0.77216036,23537,172.2765619,0.806853583,0.99035561,0.910730662,0.795798523,0.009287114,0.002297593,0.633295289,0.996644113,DERMASON
53363,904.64,327.0878319,208.0485855,1.572170419,0.771636833,54318,260.6604723,0.717244624,0.982418351,0.819404845,0.796912777,0.006129487,0.00152492,0.635069973,0.998438227,BARBUNYA
55434,925.422,330.5917574,213.7725739,1.546464785,0.762798609,56460,265.670399,0.718876439,0.981827843,0.813404259,0.803620759,0.0059637,0.001534264,0.645806325,0.998716739,BARBUNYA
68814,1033.465,383.777292,232.0830135,1.653620772,0.79642784,70564,296.0011926,0.711476427,0.975199819,0.8096459,0.77128376,0.005577023,0.001217416,0.594878638,0.983703673,CALI
37781,738.792,283.2345962,170.2064106,1.664065386,0.799295696,38242,219.3268411,0.729362934,0.987945191,0.869839138,0.774364587,0.007496747,0.001662779,0.599640514,0.997841023,HOROZ
44787,861.814,344.3339029,166.1797321,2.072057155,0.87583417,45406,238.7981983,0.812919737,0.98636744,0.757765358,0.693507657,0.007688256,0.001097015,0.480952871,0.996561836,HOROZ
43418,814.87,322.252307,172.5032249,1.868094392,0.844658932,44045,235.120213,0.701331007,0.985764559,0.821680574,0.729615298,0.00742209,0.001297423,0.532338483,0.994458535,HOROZ
66874,1024.488,408.2395189,209.5480011,1.948190948,0.858211215,67877,291.7989399,0.80164467,0.985223272,0.800669736,0.714773868,0.006104607,0.000982906,0.510901682,0.995334032,CALI
67184,987.838,373.104542,231.3668827,1.612609971,0.784512702,68131,292.474487,0.750323878,0.986100307,0.865175603,0.783894202,0.005553473,0.001293523,0.614490119,0.990932893,CALI
37086,731.802,266.812781,177.87066,1.500038179,0.745371169,37595,217.3001651,0.722079439,0.986460966,0.870227241,0.81442937,0.007194434,0.001952496,0.663295199,0.994968122,SIRA
39572,744.104,273.2721788,185.3032621,1.474729456,0.734978438,40306,224.4652206,0.726145038,0.981789312,0.89811218,0.821397998,0.006905695,0.001939107,0.674694671,0.994992105,SIRA
34469,666.834,230.1579705,190.9936711,1.205055483,0.558005411,34747,209.4929447,0.789667812,0.991999309,0.974098956,0.910213729,0.006677245,0.002827162,0.828489033,0.998375252,SEKER
33318,688.874,257.4648986,165.036857,1.560044849,0.767534855,33692,205.9655193,0.698695634,0.988899442,0.88228562,0.799975144,0.007727502,0.001952202,0.639960231,0.998366662,SIRA
44924,817.215,282.1488206,203.1618504,1.388788397,0.693920006,45772,239.1631521,0.79427157,0.98147339,0.845309254,0.847648952,0.006280581,0.002000063,0.718508746,0.997856609,BARBUNYA
25997,596.404,220.1283733,151.0490347,1.457330553,0.727426015,26392,181.9351765,0.808289028,0.985033343,0.918442566,0.826495802,0.008467453,0.002437222,0.683095311,0.995495668,DERMASON
26161,602.251,230.1195599,144.9688198,1.58737279,0.776618056,26488,182.5081361,0.800324278,0.987654787,0.906377561,0.793101361,0.008796283,0.002146811,0.629009768,0.998472991,DERMASON
24053,591.446,232.5720529,132.298336,1.757936342,0.822442113,24326,175.0006593,0.659492213,0.98877744,0.864069981,0.752457817,0.009669149,0.001912039,0.566192767,0.995330842,DERMASON
66516,974.201,372.3567768,228.9267115,1.626532677,0.788679359,67382,291.0168407,0.779578777,0.987147903,0.880722003,0.781553765,0.005598003,0.001288393,0.610826287,0.993528916,CALI
42774,780.822,292.5546328,187.0444543,1.564091456,0.768916841,43284,233.3699815,0.717107028,0.988217355,0.881628552,0.797697098,0.006839543,0.001708279,0.63632066,0.995263707,HOROZ
32044,652.651,216.1471468,188.9705403,1.143813985,0.48544352,32395,201.9893264,0.778069153,0.989164995,0.945354229,0.934499156,0.006745324,0.003173206,0.873288673,0.998879798,SEKER
66688,987.264,377.8736513,227.1094143,1.663839663,0.799234396,67716,291.3928598,0.691877535,0.98481895,0.85978716,0.771138339,0.005666292,0.00123597,0.594654338,0.989409473,CALI
59841,936.317,354.6469346,217.6413436,1.629501678,0.789551313,61068,276.0288528,0.692965086,0.979907644,0.857754271,0.778320143,0.005926487,0.00134156,0.605782245,0.987123185,CALI
47394,880.106,365.5402721,165.7514278,2.205352177,0.891285625,48081,245.6499847,0.624920886,0.985711612,0.768888322,0.672018936,0.007712796,0.000970326,0.45160945,0.995957884,HOROZ
60756,982.65,352.9421998,219.8903051,1.605083042,0.782205329,61871,278.1311593,0.760153142,0.981978633,0.790681032,0.788036,0.005809174,0.001381906,0.621000737,0.996757752,BARBUNYA
66540,1015.555,393.7968611,216.6339826,1.817798188,0.835088203,67380,291.0693376,0.770995551,0.987533393,0.810747771,0.739135748,0.005918197,0.001089597,0.546321654,0.993102514,CALI
39030,740.165,275.8259887,181.0642004,1.523360156,0.75437512,39538,222.9227208,0.768639962,0.987151601,0.895264421,0.808200568,0.007067025,0.001859915,0.653188158,0.995040815,SIRA
38273,746.449,280.9108299,173.8625361,1.615706501,0.785450649,38743,220.7503049,0.731349843,0.987868776,0.863181429,0.785837644,0.007339661,0.001726581,0.617540803,0.997764691,SIRA
38087,718.44,266.1000287,183.3735169,1.451136638,0.724652013,38535,220.2132479,0.765567839,0.988374205,0.927268745,0.827558151,0.006986637,0.002021352,0.684852494,0.993814545,SIRA
67360,998.54,391.0083959,220.7396397,1.771355595,0.825406131,68045,292.85733,0.710218886,0.989933132,0.848947843,0.748979646,0.005804756,0.001126792,0.56097051,0.993678252,CALI
142592,1408.745,519.7756355,351.2923849,1.479609743,0.73703563,144325,426.0912733,0.804164293,0.987992378,0.90290124,0.819759997,0.003645195,0.001015424,0.672006452,0.994307294,BOMBAY
157309,1514.284,571.2437728,354.8137969,1.609981849,0.7837115,160099,447.5399865,0.801309121,0.982573283,0.862082377,0.783448342,0.003631348,0.000843896,0.613791304,0.988192859,BOMBAY
58910,993.443,358.499459,209.8883902,1.708048066,0.810698681,60140,273.8732217,0.761209459,0.979547722,0.750089315,0.763943194,0.006085545,0.001278567,0.583609204,0.996832571,BARBUNYA
57583,926.308,332.5452734,220.7230731,1.50661763,0.747964782,58564,270.7710337,0.718082055,0.983249095,0.84332179,0.814238106,0.00577506,0.00156582,0.662983694,0.998862922,BARBUNYA
26318,604.873,232.1263561,144.7366524,1.603784198,0.781803184,26607,183.0549599,0.783460348,0.989138197,0.90392906,0.788600498,0.008820061,0.002104164,0.621890745,0.99737855,DERMASON
34503,678.24,236.5446412,185.8927694,1.272478978,0.618394789,34885,209.5962405,0.747724515,0.989049735,0.94254029,0.886074778,0.00685577,0.002606859,0.785128512,0.999059527,SEKER
37222,721.683,267.1871893,178.0170112,1.500908185,0.745716602,37610,217.6982369,0.70362949,0.989683595,0.898083295,0.814777974,0.007178206,0.001951429,0.663863147,0.996397632,SIRA
58984,924.535,349.1392395,215.5429853,1.619812581,0.786684399,59646,274.0451811,0.684777561,0.988901184,0.867156275,0.78491659,0.005919219,0.00138592,0.616094053,0.997956898,BARBUNYA
33344,661.508,225.3180561,188.668526,1.194253546,0.54667768,33692,206.0458672,0.763352487,0.989671139,0.957540959,0.914466735,0.006757379,0.002914941,0.83624941,0.998693823,SEKER
58634,930.427,351.8374671,214.941906,1.636895632,0.791698124,59677,273.230905,0.748837803,0.98252258,0.851127803,0.776582742,0.006000571,0.001346242,0.603080755,0.987180254,CALI
44258,832.579,334.9047441,169.4686685,1.976204493,0.862521447,44909,237.3837311,0.65856199,0.985504019,0.802325773,0.7088097,0.007567101,0.001178224,0.50241119,0.992867251,HOROZ
38052,733.889,273.744548,177.2180557,1.544676398,0.762163328,38473,220.1120423,0.712264151,0.989057261,0.887823417,0.804078269,0.00719396,0.001854988,0.646541863,0.998697955,SIRA
43844,826.338,338.9045386,165.7581755,2.044572086,0.872227774,44434,236.2708501,0.822619986,0.98672188,0.806871886,0.697160478,0.007729781,0.001126362,0.486032732,0.993728956,HOROZ
38491,745.466,278.8028218,176.6623921,1.578167365,0.773622838,39247,221.3781004,0.726341215,0.980737381,0.870388967,0.794031061,0.007243325,0.001776101,0.630485325,0.995011365,SIRA
64388,973.025,374.4032686,220.6201874,1.697049001,0.807944801,65308,286.3238513,0.783881178,0.985912905,0.854607701,0.7647472,0.005814799,0.001226835,0.58483828,0.992499218,CALI
47605,877.296,373.1439467,163.592869,2.280930391,0.898771394,48131,246.1961993,0.630396207,0.989071492,0.777266831,0.659788807,0.007838335,0.00091627,0.435321269,0.992937513,HOROZ
66293,973.989,372.5145897,227.7918727,1.635328712,0.791246089,67110,290.528603,0.727591013,0.987825957,0.87815147,0.779912011,0.005619215,0.001282442,0.608262746,0.994709532,CALI
37784,717.954,269.1635103,178.9581635,1.504058295,0.746961007,38074,219.3355488,0.726615385,0.992383254,0.921137701,0.814878468,0.007123743,0.001937579,0.664026917,0.998735193,SIRA
62033,990.706,348.3721294,227.4652059,1.531540298,0.757411844,63197,281.0389095,0.710865878,0.981581404,0.794224102,0.806720417,0.005615916,0.001467211,0.650797831,0.996723105,BARBUNYA
33639,663.03,224.6629064,190.8531005,1.177150939,0.52757456,33919,206.9553214,0.78625187,0.99174504,0.961582569,0.921181537,0.006678644,0.002966531,0.848575424,0.998901357,SEKER
65348,973.672,365.7857288,230.1181707,1.589556043,0.777319138,66339,288.4504425,0.771450158,0.985061578,0.866197253,0.788577628,0.005597505,0.001335218,0.621854676,0.988472858,CALI
59423,950.19,361.9590866,210.8999607,1.716259621,0.812714275,60550,275.0631082,0.785146134,0.981387283,0.827072397,0.759928728,0.006091229,0.001253072,0.577491671,0.991125637,CALI
26188,605.99,224.4703846,149.3587083,1.502894523,0.746502429,26585,182.6022924,0.74342815,0.985066767,0.89615118,0.813480552,0.008571498,0.002315395,0.661750609,0.994541365,DERMASON
35384,679.656,235.7576962,191.3265181,1.232226973,0.584298532,35698,212.2552898,0.747981229,0.991203989,0.962583648,0.900311181,0.006662833,0.002700283,0.810560222,0.998794169,SEKER
62838,982.208,350.0976801,229.6165007,1.524706104,0.754878983,63926,282.8565476,0.707635135,0.982980321,0.818512439,0.807936081,0.005571433,0.001464383,0.652760711,0.99526824,BARBUNYA
58260,952.149,319.5159041,232.9670574,1.371506803,0.684380469,59309,272.3581023,0.735401782,0.982312971,0.80755203,0.852408593,0.00548431,0.001786048,0.72660041,0.996537405,BARBUNYA
39009,729.669,259.6263611,191.582575,1.355166884,0.674892023,39404,222.8627412,0.788554448,0.989975637,0.920710063,0.858397969,0.00665555,0.002229043,0.736847074,0.998550753,SIRA
171708,1535.096,552.1854312,397.3292133,1.389742845,0.694432781,172804,467.5739682,0.735067103,0.993657554,0.915649608,0.846769838,0.00321584,0.001019849,0.717019159,0.996472245,BOMBAY
34337,667.785,229.8067605,190.6295846,1.205514668,0.558475195,34583,209.0914304,0.809796708,0.992886678,0.967606759,0.909857612,0.006692686,0.002829267,0.827840875,0.997974317,SEKER
66494,974.808,380.0148486,224.623616,1.691784931,0.806604379,67416,290.9687102,0.763246097,0.986323721,0.879334583,0.765677213,0.005715025,0.00121166,0.586261594,0.991828531,CALI
33251,658.962,217.452163,194.9834825,1.115233763,0.442693503,33565,205.7583245,0.757943925,0.990645017,0.962263101,0.946223398,0.006539718,0.003233803,0.895338718,0.998511968,SEKER
43743,830.354,338.5687659,165.8895802,2.040928463,0.871737566,44514,235.9985538,0.662331173,0.982679606,0.797245111,0.697047624,0.007739953,0.001127114,0.48587539,0.991636913,HOROZ
30685,635.681,213.5341452,183.1571463,1.165852108,0.51408086,31044,197.659696,0.771561479,0.988435769,0.954239808,0.925658498,0.00695891,0.00315155,0.856843654,0.998952981,SEKER
33316,670.587,229.2180829,185.2793615,1.237148493,0.588756561,33699,205.9593374,0.782616866,0.988634678,0.931005952,0.898530058,0.00688012,0.002766344,0.807356266,0.998819588,SEKER
44020,822.517,335.1188114,168.1587301,1.99287192,0.864990409,44553,236.7445982,0.798853078,0.98803672,0.817655075,0.706449743,0.007612876,0.001169644,0.499071239,0.994585059,HOROZ
162866,1518.137,572.2055991,363.5925914,1.573754836,0.772164249,164395,455.3761431,0.811566616,0.990699231,0.888011038,0.795826087,0.003513352,0.000869309,0.633339161,0.996720568,BOMBAY
171896,1565.283,563.3965749,391.7292611,1.438229489,0.71872028,173913,467.8298673,0.818614752,0.988402247,0.881637182,0.830374,0.003277543,0.000961221,0.68952098,0.991689406,BOMBAY
138659,1415.439,509.8275207,347.5854183,1.466769012,0.731566018,139826,420.1739188,0.71073283,0.991653913,0.869712301,0.824149152,0.003676844,0.001046353,0.679221824,0.996261525,BOMBAY
24425,579.59,216.6100061,143.9506413,1.504751935,0.747233693,24744,176.3487337,0.803877041,0.987107986,0.913697989,0.814130136,0.008868373,0.00240325,0.662807879,0.997361438,DERMASON
38503,758.002,294.7582549,167.3018547,1.761834951,0.823311319,39024,221.4126062,0.75781373,0.986649241,0.842100122,0.75116677,0.007655462,0.001503476,0.564251516,0.994118042,SIRA
46826,851.033,348.0576898,172.3589988,2.019376373,0.868777645,47442,244.1735344,0.810138408,0.987015724,0.812463994,0.701531791,0.007433001,0.001110538,0.492146853,0.993829728,HOROZ
35403,678.413,233.9865511,192.879318,1.21312411,0.566127097,35713,212.3122691,0.770669163,0.991319688,0.966632975,0.907369539,0.006609229,0.00276355,0.823319481,0.998788713,SEKER
63993,972.943,381.3852693,214.8941752,1.774758524,0.826145436,64754,285.4442471,0.791600693,0.98824783,0.849508129,0.748440671,0.005959797,0.001153561,0.560163439,0.994154838,CALI
45928,858.374,353.5691897,167.984051,2.104778327,0.879926726,46692,241.8208961,0.801745658,0.983637454,0.783311115,0.683942219,0.007698336,0.001039093,0.467776959,0.984566805,HOROZ
39911,743.694,288.3252975,176.6128556,1.632527238,0.790434007,40230,225.4246292,0.683173571,0.992070594,0.906805025,0.781841313,0.007224206,0.001665115,0.611275839,0.997924458,SIRA
67425,1007.262,397.798017,216.5017797,1.837389131,0.838922741,68000,292.9985944,0.80825941,0.991544118,0.835114297,0.736551169,0.005899859,0.001071108,0.542507624,0.996797613,CALI
43554,828.293,339.2236127,164.7713619,2.058753468,0.874108446,44186,235.4881635,0.651791326,0.985696827,0.797755723,0.69419744,0.007788575,0.001115758,0.481910086,0.99213406,HOROZ
46794,864.065,356.4369676,168.4520521,2.115955034,0.881277139,47586,244.0900884,0.608821233,0.983356449,0.787602719,0.68480576,0.007617151,0.001033337,0.468958929,0.992296005,HOROZ
34924,816.638,258.3197875,181.6399258,1.422153122,0.711032482,37992,210.871093,0.712095261,0.919246157,0.658073911,0.816318003,0.007396627,0.002026054,0.666375082,0.947687403,SEKER
67889,1009.017,381.7257559,229.9273035,1.660201942,0.798242385,69235,294.005033,0.761019191,0.980558966,0.837938816,0.770199622,0.005622792,0.00122052,0.593207458,0.984844175,CALI
33866,668.421,230.9311586,186.8608751,1.23584543,0.587584681,34171,207.652427,0.799933862,0.991074303,0.952518888,0.899196229,0.006818968,0.002749896,0.808553858,0.999247591,SEKER
32947,668.231,209.6932927,200.2495993,1.047159612,0.296720861,33336,204.8155836,0.765319396,0.988330934,0.927198033,0.97673884,0.006364564,0.003573241,0.954018762,0.999009917,SEKER
47143,858.562,296.8462778,203.0587116,1.461874132,0.729431915,47996,244.9986364,0.717986598,0.982227686,0.803681099,0.825338415,0.00629672,0.001802281,0.681183499,0.995804537,BARBUNYA
60874,921.145,310.3337608,250.9693725,1.23654037,0.588210412,61578,278.4011208,0.8203822,0.988567345,0.901541464,0.897102268,0.005097969,0.002036783,0.80479248,0.995158391,BARBUNYA
25595,594.222,214.5893068,152.1885522,1.410022657,0.704998835,25904,180.5230349,0.71684638,0.98807134,0.910893377,0.841248978,0.008384032,0.002590186,0.707699842,0.997872812,DERMASON
58078,935.784,352.7123243,211.0881507,1.670924318,0.801144357,58934,271.9323561,0.722120681,0.985475277,0.833432219,0.77097492,0.00607308,0.001323579,0.594402327,0.993201304,BARBUNYA
34748,669.267,221.0904959,200.2691414,1.103966864,0.423653581,35046,210.3390779,0.770465632,0.99149689,0.974856864,0.951370963,0.006362683,0.003215286,0.905106709,0.999207815,SEKER
44120,809.203,324.5428762,174.7684187,1.856988114,0.842621414,44690,237.0133513,0.797368611,0.987245469,0.846701637,0.730299041,0.007355913,0.001290682,0.53333669,0.990399894,HOROZ
39595,736.146,273.6832994,184.9327727,1.479906971,0.737160079,39975,224.5304429,0.779766828,0.990494059,0.918168308,0.820402426,0.006912067,0.001931503,0.673060141,0.996066395,SIRA
60045,974.654,343.550841,223.5238431,1.536976262,0.75939649,61177,276.4989484,0.728171235,0.981496314,0.794302216,0.804826871,0.005721556,0.001480825,0.647746292,0.995570676,BARBUNYA
160250,1511.116,552.8430862,369.9830545,1.494238937,0.743049005,161847,451.7041477,0.819035353,0.990132656,0.881885687,0.8170567,0.003449879,0.000948402,0.667581651,0.997526497,BOMBAY
47248,862.652,355.814153,170.2606043,2.089820805,0.878082143,47697,245.2713233,0.603954954,0.99058641,0.797851428,0.689324247,0.007530777,0.001048851,0.475167918,0.993015801,HOROZ
33006,669.769,223.5277491,188.2429412,1.187442927,0.539249994,33458,204.9988888,0.757018349,0.986490525,0.924597414,0.917107114,0.006772337,0.002955279,0.841085458,0.998740978,SEKER
38891,791.343,319.4999963,156.8696185,2.036723231,0.87116818,39651,222.5254123,0.650025071,0.980832766,0.780421893,0.696480172,0.008215268,0.00119244,0.48508463,0.987983135,HOROZ
34428,688.178,229.7324979,191.3790717,1.20040554,0.553194986,34908,209.3683143,0.777770247,0.98624957,0.913524268,0.911356975,0.006672839,0.002839517,0.830571536,0.997022673,SEKER
159694,1511.595,569.373515,358.7925062,1.58691585,0.776470878,160650,450.9198552,0.813312962,0.994049175,0.878269032,0.791957904,0.003565403,0.000865161,0.627197321,0.99530937,BOMBAY
51693,834.877,304.3503037,216.7960052,1.403855681,0.701850849,52208,256.5493555,0.776450973,0.990135611,0.931958572,0.84294102,0.00588765,0.001833625,0.710549564,0.997509042,BARBUNYA
24647,589.4,213.9009257,146.8934367,1.456163941,0.726907047,25009,177.148342,0.714488636,0.985525211,0.891566345,0.828179408,0.008678579,0.002518408,0.685881131,0.998755372,DERMASON
163558,1524.86,574.7716573,363.9564508,1.579231955,0.773972506,164798,456.3425396,0.799528763,0.992475637,0.88393781,0.793954493,0.003514176,0.000861362,0.630363737,0.995490556,BOMBAY
35791,710.277,262.4779118,174.1044267,1.507588962,0.748344051,36211,213.4725194,0.71092881,0.988401315,0.891514053,0.813297081,0.007333629,0.001979227,0.661452141,0.997197947,SIRA
55377,921.337,322.9626948,219.5998638,1.470687136,0.733254519,56515,265.5337761,0.714025994,0.979863753,0.819789335,0.822180953,0.005832073,0.001643888,0.675981519,0.994157324,BARBUNYA
163117,1524.028,560.180104,371.8570345,1.506439443,0.747895106,165192,455.7269082,0.731154889,0.987438859,0.882517238,0.813536405,0.003434223,0.000927932,0.661841483,0.997024115,BOMBAY
51906,896.485,327.3825036,202.8131801,1.61420724,0.784997333,52774,257.0773654,0.776327007,0.983552507,0.811598754,0.785250777,0.006307219,0.001479283,0.616618783,0.995350504,BARBUNYA
53368,951.913,321.0170573,212.3244295,1.511917672,0.750023064,54618,260.6726837,0.706383767,0.977113772,0.740110006,0.812021286,0.00601516,0.001613231,0.659378569,0.996926111,BARBUNYA
56506,911.91,311.9078336,231.3239233,1.348359604,0.670795996,57392,268.2269071,0.749476086,0.984562308,0.85388714,0.859955661,0.005519906,0.001862155,0.739523739,0.997143935,BARBUNYA